DeepDriveMD-pipeline	18727-single	other	runs/DeepDriveMD-pipeline/slurm-18727-single.out	unknown
DeepDriveMD-pipeline	18738-single	other	runs/DeepDriveMD-pipeline/slurm-18738-single.out	unknown
DeepDriveMD-pipeline	18757-single	other	runs/DeepDriveMD-pipeline/slurm-18757-single.out	unknown
DeepDriveMD-pipeline	18758-single	other	runs/DeepDriveMD-pipeline/slurm-18758-single.out	unknown
DeepDriveMD-pipeline	18765-single	other	runs/DeepDriveMD-pipeline/slurm-18765-single.out	unknown
DeepDriveMD-pipeline	18772-single	other	runs/DeepDriveMD-pipeline/slurm-18772-single.out	unknown
DeepDriveMD-pipeline	18774-single	other	runs/DeepDriveMD-pipeline/slurm-18774-single.out	unknown
DeepDriveMD-pipeline	18775-4node	other	runs/DeepDriveMD-pipeline/slurm-18775-4node.out	unknown
DeepDriveMD-pipeline	18776-4node	other	runs/DeepDriveMD-pipeline/slurm-18776-4node.out	unknown
DeepDriveMD-pipeline	18778-4node	other	runs/DeepDriveMD-pipeline/slurm-18778-4node.out	unknown
DeepDriveMD-pipeline	18963-4node-profiled	other	runs/DeepDriveMD-pipeline/slurm-18963-4node-profiled.out	unknown
DeepDriveMD-pipeline	19020-4node-profiled	other	runs/DeepDriveMD-pipeline/slurm-19020-4node-profiled.out	unknown
DeepDriveMD-pipeline	19099-4node-profiled	other	runs/DeepDriveMD-pipeline/slurm-19099-4node-profiled.out	unknown
DeepDriveMD-pipeline	19215-4node-profiled	other	runs/DeepDriveMD-pipeline/slurm-19215-4node-profiled.out	unknown
DeepDriveMD-pipeline	19327-4node-profiled	other	runs/DeepDriveMD-pipeline/slurm-19327-4node-profiled.out	unknown
Montage	18803-single	other	runs/Montage/slurm-18803-single.out	unknown
Montage	18964-single	other	runs/Montage/slurm-18964-single.out	unknown
Montage	18969-4node	other	runs/Montage/slurm-18969-4node.out	unknown
Montage	19018-4node-profiled	other	runs/Montage/slurm-19018-4node-profiled.out	unknown
Montage	19055-4node-profiled	other	runs/Montage/slurm-19055-4node-profiled.out	unknown
biobb_wf_md_setup	18324-single	other	runs/biobb_wf_md_setup/slurm-18324-single.out	unknown
biobb_wf_md_setup	18330-single	other	runs/biobb_wf_md_setup/slurm-18330-single.out	unknown
biobb_wf_md_setup	18356-4node	other	runs/biobb_wf_md_setup/slurm-18356-4node.out	unknown
biobb_wf_md_setup	18381-4node	other	runs/biobb_wf_md_setup/slurm-18381-4node.out	unknown
biobb_wf_md_setup	18428	other	runs/biobb_wf_md_setup/diag/slurm-18428.out	unknown
biobb_wf_md_setup	18451-4node	other	runs/biobb_wf_md_setup/slurm-18451-4node.out	unknown
biobb_wf_md_setup	18614-4node-profiled	other	runs/biobb_wf_md_setup/slurm-18614-4node-profiled.out	unknown
biobb_wf_md_setup	18962-4node-profiled	other	runs/biobb_wf_md_setup/slurm-18962-4node-profiled.out	unknown
biobb_wf_md_setup	19081-4node-profiled	other	runs/biobb_wf_md_setup/slurm-19081-4node-profiled.out	unknown
biobb_wf_md_setup	19148-4node-profiled	other	runs/biobb_wf_md_setup/slurm-19148-4node-profiled.out	unknown
biobb_wf_md_setup	19230-4node-profiled	other	runs/biobb_wf_md_setup/slurm-19230-4node-profiled.out	unknown
chipseq	18641-single	other	runs/chipseq/slurm-18641-single.out	unknown
chipseq	18728-single	other	runs/chipseq/slurm-18728-single.out	unknown
chipseq	18737-single	other	runs/chipseq/slurm-18737-single.out	unknown
chipseq	18771-single	other	runs/chipseq/slurm-18771-single.out	unknown
chipseq	18773-single	other	runs/chipseq/slurm-18773-single.out	unknown
chipseq	18780-single	other	runs/chipseq/slurm-18780-single.out	unknown
chipseq	18968-single	other	runs/chipseq/slurm-18968-single.out	unknown
chipseq	19157-single	other	runs/chipseq/slurm-19157-single.out	unknown
chipseq	19194-single	other	runs/chipseq/slurm-19194-single.out	unknown
chipseq	19298-single	other	runs/chipseq/slurm-19298-single.out	unknown
chipseq	19543-single	other	runs/chipseq/slurm-19543-single.out	unknown
chipseq	19642-single	other	runs/chipseq/slurm-19642-single.out	unknown
chipseq	19707-single	other	runs/chipseq/slurm-19707-single.out	unknown
chipseq	19839-single	other	runs/chipseq/slurm-19839-single.out	unknown
chipseq	19971-single	other	runs/chipseq/slurm-19971-single.out	unknown
nf-core_nascent	18823-single	other	runs/nf-core_nascent/slurm-18823-single.out	unknown
nf-core_nascent	18989-single	other	runs/nf-core_nascent/slurm-18989-single.out	fail
nf-core_nascent	19042-single	other	runs/nf-core_nascent/slurm-19042-single.out	fail
nf-core_nascent	19066-single	other	runs/nf-core_nascent/slurm-19066-single.out	fail
nf-core_nascent	19104-single	other	runs/nf-core_nascent/slurm-19104-single.out	unknown
nf-core_nascent	19316-single	other	runs/nf-core_nascent/slurm-19316-single.out	unknown
nf-core_nascent	19556-single	other	runs/nf-core_nascent/slurm-19556-single.out	fail
nf-core_nascent	20001-single	other	runs/nf-core_nascent/slurm-20001-single.out	fail
nf-core_sarek	18832-single	other	runs/nf-core_sarek/slurm-18832-single.out	fail
nf-core_sarek	19094-single	other	runs/nf-core_sarek/slurm-19094-single.out	fail
nf-core_sarek	19128-single	other	runs/nf-core_sarek/slurm-19128-single.out	unknown
nf-core_sarek	19214-single	other	runs/nf-core_sarek/slurm-19214-single.out	fail
nf-core_sarek	19266-single	other	runs/nf-core_sarek/slurm-19266-single.out	fail
nf-core_sarek	19797-single	other	runs/nf-core_sarek/slurm-19797-single.out	unknown
nf-core_sarek	20043-single	other	runs/nf-core_sarek/slurm-20043-single.out	fail
nf-core_scnanoseq	18833-single	other	runs/nf-core_scnanoseq/slurm-18833-single.out	unknown
nf-core_scnanoseq	18834-single	other	runs/nf-core_scnanoseq/slurm-18834-single.out	unknown
nf-core_scnanoseq	19002-single	other	runs/nf-core_scnanoseq/slurm-19002-single.out	fail
nf-core_scnanoseq	19049-single	other	runs/nf-core_scnanoseq/slurm-19049-single.out	fail
nf-core_scnanoseq	19107-single	other	runs/nf-core_scnanoseq/slurm-19107-single.out	fail
nf-core_scnanoseq	19209-single	other	runs/nf-core_scnanoseq/slurm-19209-single.out	unknown
nf-core_scnanoseq	19930-single	other	runs/nf-core_scnanoseq/slurm-19930-single.out	unknown
nf-core_scrnaseq	18835-single	other	runs/nf-core_scrnaseq/slurm-18835-single.out	fail
nf-core_scrnaseq	18837-single	other	runs/nf-core_scrnaseq/slurm-18837-single.out	fail
nf-core_scrnaseq	18840-single	other	runs/nf-core_scrnaseq/slurm-18840-single.out	unknown
nf-core_scrnaseq	19004-single	other	runs/nf-core_scrnaseq/slurm-19004-single.out	unknown
nf-core_scrnaseq	19136-single	other	runs/nf-core_scrnaseq/slurm-19136-single.out	unknown
nf-core_scrnaseq	19648-single	other	runs/nf-core_scrnaseq/slurm-19648-single.out	fail
nf-core_scrnaseq	19953-single	other	runs/nf-core_scrnaseq/slurm-19953-single.out	fail
nf-core_smrnaseq	18836-single	other	runs/nf-core_smrnaseq/slurm-18836-single.out	fail
nf-core_smrnaseq	19003-single	other	runs/nf-core_smrnaseq/slurm-19003-single.out	fail
nf-core_smrnaseq	19050-single	other	runs/nf-core_smrnaseq/slurm-19050-single.out	unknown
nf-core_smrnaseq	19137-single	other	runs/nf-core_smrnaseq/slurm-19137-single.out	fail
nf-core_smrnaseq	19173-single	other	runs/nf-core_smrnaseq/slurm-19173-single.out	fail
nf-core_smrnaseq	19285-single	other	runs/nf-core_smrnaseq/slurm-19285-single.out	fail
nf-core_smrnaseq	19375-single	other	runs/nf-core_smrnaseq/slurm-19375-single.out	fail
nf-core_smrnaseq	19398-single	other	runs/nf-core_smrnaseq/slurm-19398-single.out	fail
nf-core_smrnaseq	19771-single	other	runs/nf-core_smrnaseq/slurm-19771-single.out	fail
nf-core_smrnaseq	20047-single	other	runs/nf-core_smrnaseq/slurm-20047-single.out	fail
nf-core_spatialvi	18838-single	other	runs/nf-core_spatialvi/slurm-18838-single.out	fail
nf-core_spatialvi	18994-single	other	runs/nf-core_spatialvi/slurm-18994-single.out	fail
nf-core_spatialvi	19047-single	other	runs/nf-core_spatialvi/slurm-19047-single.out	fail
nf-core_spatialvi	19119-single	other	runs/nf-core_spatialvi/slurm-19119-single.out	fail
nf-core_spatialvi	19171-single	other	runs/nf-core_spatialvi/slurm-19171-single.out	fail
nf-core_spatialvi	19206-single	other	runs/nf-core_spatialvi/slurm-19206-single.out	fail
workflow	run	category	path	status
