2026-05-21 13:09:29	4node-19728	4node-19728	multi	success-likely
2026-05-20 23:51:37	4node-19533	4node-19533	multi	failed-likely
2026-05-20 22:47:07	4node-19329	4node-19329	multi	failed-likely
2026-05-20 03:29:17	4node-19228	4node-19228	multi	failed-likely
2026-05-20 00:16:21	4node-19164	4node-19164	multi	failed-likely
2026-05-19 23:34:55	4node-19111	4node-19111	multi	failed-likely
2026-05-19 22:53:25	single-19083	single-19083	single	unknown
2026-05-19 22:05:53	single-19054	single-19054	single	unknown
2026-05-19 22:03:40	4node-18999	4node-18999	multi	unknown
2026-05-19 21:54:39	single-19017	single-19017	single	unknown
2026-05-19 21:28:02	4node-18948	4node-18948	multi	unknown
2026-05-19 20:52:13	single-18896	single-18896	single	unknown
2026-05-19 19:42:33	smoke-mpi	smoke-mpi	other	unknown
2026-05-19 19:42:10	smoke	smoke	other	unknown
2026-05-19 15:23:06	diag	diag	other	success-likely
2026-05-19 15:19:46	4node-18381	4node-18381	multi	success-likely
2026-05-19 15:18:46	4node-18356	4node-18356	multi	success-likely
2026-05-19 15:13:49	single-18330	single-18330	single	success-likely
2026-05-19 15:07:29	smoke-single	smoke-single	single	success-likely
