workflow	run	dir	mode	run_mtime	slurm_file	active_in_squeue
1000genome-workflow	19570	4node-19570	multi	2026-05-21 00:25:48	missing	yes
1000genome-workflow	18970	single-18970	single	2026-05-19 21:46:24	present	no
1000genome-workflow	19569	single-19569	single	2026-05-20 21:01:49	present	no
DeepDriveMD-pipeline	18776	4node-18776	multi	2026-05-19 16:45:13	missing	no
DeepDriveMD-pipeline	18778	4node-18778	multi	2026-05-19 18:16:25	missing	no
DeepDriveMD-pipeline	19020	4node-profiled-19020	trace	2026-05-19 21:54:48	missing	no
DeepDriveMD-pipeline	19099	4node-profiled-19099	trace	2026-05-19 23:30:11	missing	no
DeepDriveMD-pipeline	19215	4node-profiled-19215	trace	2026-05-20 03:23:58	missing	no
DeepDriveMD-pipeline	19327	4node-profiled-19327	trace	2026-05-20 22:46:22	missing	no
DeepDriveMD-pipeline	darshan-19327	4node-profiled-darshan-19327	trace	2026-05-20 22:46:22	missing	no
DeepDriveMD-pipeline	datalife-19099-19099	4node-profiled-datalife-19099-19099	trace	2026-05-19 23:34:42	missing	no
DeepDriveMD-pipeline	datalife-19215-19215	4node-profiled-datalife-19215-19215	trace	2026-05-20 03:28:26	missing	no
DeepDriveMD-pipeline	datalife-19327	4node-profiled-datalife-19327	trace	2026-05-20 22:43:31	missing	no
DeepDriveMD-pipeline	18727	single-18727	single	2026-05-19 16:22:47	present	no
DeepDriveMD-pipeline	18738	single-18738	single	2026-05-19 16:25:26	present	no
DeepDriveMD-pipeline	18757	single-18757	single	2026-05-19 16:29:03	present	no
DeepDriveMD-pipeline	18758	single-18758	single	2026-05-19 16:30:58	present	no
DeepDriveMD-pipeline	18765	single-18765	single	2026-05-19 16:33:47	present	no
DeepDriveMD-pipeline	18772	single-18772	single	2026-05-19 16:38:49	present	no
DeepDriveMD-pipeline	18774	single-18774	single	2026-05-19 16:41:47	present	no
Montage	18969	4node-18969	multi	2026-05-19 21:46:21	missing	no
Montage	19018	4node-profiled-19018	trace	2026-05-19 21:54:40	missing	no
Montage	19055	4node-profiled-19055	trace	2026-05-19 22:15:59	missing	no
PtychoNN	18996	4node-18996	multi	2026-05-19 21:52:36	missing	no
PtychoNN	19052	4node-profiled-19052	trace	2026-05-19 22:05:15	missing	no
PtychoNN	19082	4node-profiled-19082	trace	2026-05-19 23:35:20	missing	no
PtychoNN	18902	single-18902	single	2026-05-19 20:38:08	present	no
PyFLEXTRKR	19098	4node-profiled-19098	trace	2026-05-19 23:31:41	missing	no
PyFLEXTRKR	19202	4node-profiled-19202	trace	2026-05-20 03:20:49	missing	no
PyFLEXTRKR	19324	4node-profiled-19324	trace	2026-05-20 22:38:34	missing	no
V-pipe	18958	single-18958	single	2026-05-19 23:18:15	present	no
V-pipe	19151	single-19151	single	2026-05-19 23:38:18	present	no
V-pipe	19193	single-19193	single	2026-05-20 00:16:48	present	no
V-pipe	19227	single-19227	single	2026-05-20 01:11:51	present	no
V-pipe	19273	single-19273	single	2026-05-20 03:16:26	present	no
V-pipe	19652	single-19652	single	2026-05-20 11:28:07	present	yes
biobb_wf_md_setup	18356	4node-18356	multi	2026-05-19 15:18:46	missing	no
biobb_wf_md_setup	18381	4node-18381	multi	2026-05-19 15:19:46	missing	no
biobb_wf_md_setup	18451	4node-18451	multi	2026-05-19 15:29:21	missing	no
biobb_wf_md_setup	18614	4node-profiled-18614	trace	2026-05-19 16:13:40	missing	no
biobb_wf_md_setup	18962	4node-profiled-18962	trace	2026-05-19 21:46:11	missing	no
biobb_wf_md_setup	19081	4node-profiled-19081	trace	2026-05-19 23:16:00	missing	no
biobb_wf_md_setup	19148	4node-profiled-19148	trace	2026-05-20 00:15:43	missing	no
biobb_wf_md_setup	19230	4node-profiled-19230	trace	2026-05-20 04:01:56	missing	no
biobb_wf_md_setup	18330	single-18330	single	2026-05-19 15:13:49	present	no
chipseq	19707	single-19707	single	2026-05-20 13:11:12	present	no
chipseq	19839	single-19839	single	2026-05-20 15:31:08	present	no
chipseq	19971	single-19971	single	2026-05-20 22:30:25	present	no
dna-seq-gatk-variant-calling	19728	4node-19728	multi	2026-05-21 13:09:29	missing	no
dna-seq-gatk-variant-calling	19727	single-19727	single	2026-05-20 15:08:08	present	no
dna-seq-varlociraptor	19287	4node-19287	multi	2026-05-20 22:34:16	missing	no
dna-seq-varlociraptor	19531	4node-profiled-19531	trace	2026-05-20 23:50:10	missing	no
iwc	19533	4node-19533	multi	2026-05-20 23:51:37	missing	no
iwc	18960	single-18960	single	2026-05-19 21:46:06	missing	no
iwc	19154	single-19154	single	2026-05-19 23:38:51	missing	no
iwc	19331	single-19331	single	2026-05-20 09:12:58	missing	no
lammps	19111	4node-19111	multi	2026-05-19 23:34:55	missing	no
lammps	19164	4node-19164	multi	2026-05-20 00:16:21	missing	no
lammps	19228	4node-19228	multi	2026-05-20 03:29:17	missing	no
lammps	19329	4node-19329	multi	2026-05-20 22:47:07	missing	no
lammps	19017	single-19017	single	2026-05-19 21:54:39	present	no
lammps	19054	single-19054	single	2026-05-19 22:05:53	present	no
lammps	19083	single-19083	single	2026-05-19 22:53:25	present	no
metaGEM	19864	4node-19864	multi	2026-05-21 23:22:08	missing	yes
metaGEM	19085	single-19085	single	2026-05-19 22:55:21	present	no
metaGEM	19113	single-19113	single	2026-05-19 23:34:47	present	no
metaGEM	19317	single-19317	single	2026-05-20 04:23:25	present	no
metaGEM	19758	single-19758	single	2026-05-20 13:48:58	present	no
metaGEM	19863	single-19863	single	2026-05-20 15:42:52	present	no
nf-core_airrflow	19025	single-19025	single	2026-05-19 21:55:30	present	no
nf-core_airrflow	19059	single-19059	single	2026-05-19 22:16:08	present	no
nf-core_airrflow	19088	single-19088	single	2026-05-19 23:01:44	present	no
nf-core_airrflow	19146	single-19146	single	2026-05-19 23:37:03	present	no
nf-core_airrflow	19203	single-19203	single	2026-05-20 00:27:45	present	no
nf-core_airrflow	19232	single-19232	single	2026-05-20 01:12:55	present	no
nf-core_airrflow	19274	single-19274	single	2026-05-20 03:25:48	present	no
nf-core_airrflow	19337	single-19337	single	2026-05-20 06:15:12	present	no
nf-core_airrflow	19382	single-19382	single	2026-05-20 06:58:52	present	no
nf-core_airrflow	19413	single-19413	single	2026-05-20 08:19:55	present	no
nf-core_airrflow	19582	single-19582	single	2026-05-20 10:10:29	present	no
nf-core_airrflow	19682	single-19682	single	2026-05-20 12:49:33	present	no
nf-core_airrflow	19812	single-19812	single	2026-05-20 15:24:19	present	no
nf-core_airrflow	19962	single-19962	single	2026-05-20 22:14:04	present	no
nf-core_ampliseq	19026	single-19026	single	2026-05-19 21:56:08	present	no
nf-core_ampliseq	19084	single-19084	single	2026-05-19 22:54:16	present	no
nf-core_ampliseq	19152	single-19152	single	2026-05-19 23:38:24	present	no
nf-core_ampliseq	19180	single-19180	single	2026-05-20 00:16:56	present	no
nf-core_ampliseq	19233	single-19233	single	2026-05-20 01:57:45	present	no
nf-core_ampliseq	19290	single-19290	single	2026-05-20 04:03:24	present	no
nf-core_ampliseq	19341	single-19341	single	2026-05-20 06:17:53	present	no
nf-core_ampliseq	19377	single-19377	single	2026-05-20 06:49:11	present	no
nf-core_ampliseq	19399	single-19399	single	2026-05-20 07:37:51	present	no
nf-core_ampliseq	19562	single-19562	single	2026-05-20 09:42:56	present	no
nf-core_ampliseq	19755	single-19755	single	2026-05-20 13:35:06	present	no
nf-core_ampliseq	19873	single-19873	single	2026-05-20 15:59:18	present	no
nf-core_atacseq	19027	single-19027	single	2026-05-19 21:55:30	present	no
nf-core_atacseq	19060	single-19060	single	2026-05-19 22:16:41	present	no
nf-core_atacseq	19103	single-19103	single	2026-05-19 23:34:17	present	no
nf-core_atacseq	19217	single-19217	single	2026-05-20 00:49:33	present	no
nf-core_atacseq	19267	single-19267	single	2026-05-20 02:02:59	present	no
nf-core_atacseq	19291	single-19291	single	2026-05-20 04:04:02	present	no
nf-core_atacseq	19339	single-19339	single	2026-05-20 06:16:29	present	no
nf-core_atacseq	19376	single-19376	single	2026-05-20 06:46:58	present	no
nf-core_atacseq	19406	single-19406	single	2026-05-20 07:59:05	present	no
nf-core_atacseq	19572	single-19572	single	2026-05-20 09:56:12	present	no
nf-core_atacseq	19794	single-19794	single	2026-05-20 20:47:25	present	no
nf-core_atacseq	20022	single-20022	single	2026-05-21 06:56:21	present	no
nf-core_bacass	19028	single-19028	single	2026-05-19 21:55:30	present	no
nf-core_bacass	19061	single-19061	single	2026-05-19 22:17:01	present	no
nf-core_bacass	19089	single-19089	single	2026-05-19 23:02:43	present	no
nf-core_bacass	19118	single-19118	single	2026-05-19 23:34:51	present	no
nf-core_bacass	19307	single-19307	single	2026-05-20 06:35:33	present	no
nf-core_bacass	19387	single-19387	single	2026-05-20 07:10:39	present	no
nf-core_bacass	19550	single-19550	single	2026-05-20 09:26:48	present	no
nf-core_bacass	19752	single-19752	single	2026-05-20 13:20:21	present	no
nf-core_bacass	20013	single-20013	single	2026-05-21 01:38:53	present	no
nf-core_circdna	19029	single-19029	single	2026-05-19 21:55:40	present	no
nf-core_circdna	19063	single-19063	single	2026-05-19 22:16:44	present	no
nf-core_circdna	19090	single-19090	single	2026-05-19 23:11:55	present	no
nf-core_circdna	19149	single-19149	single	2026-05-20 00:04:36	present	no
nf-core_circdna	19218	single-19218	single	2026-05-20 01:17:59	present	no
nf-core_circdna	19276	single-19276	single	2026-05-20 04:12:19	present	no
nf-core_circdna	19345	single-19345	single	2026-05-20 07:03:55	present	no
nf-core_circdna	19448	single-19448	single	2026-05-20 09:23:55	present	no
nf-core_circdna	19645	single-19645	single	2026-05-20 13:48:43	present	no
nf-core_circdna	19879	single-19879	single	2026-05-21 06:16:52	present	no
nf-core_clipseq	19030	single-19030	single	2026-05-19 21:55:40	present	no
nf-core_clipseq	19064	single-19064	single	2026-05-19 22:16:48	present	no
nf-core_clipseq	19086	single-19086	single	2026-05-19 22:55:27	present	no
nf-core_clipseq	19150	single-19150	single	2026-05-19 23:37:56	present	no
nf-core_clipseq	19192	single-19192	single	2026-05-20 00:16:34	present	no
nf-core_clipseq	19240	single-19240	single	2026-05-20 01:20:53	present	no
nf-core_clipseq	19338	single-19338	single	2026-05-20 06:16:00	present	no
nf-core_clipseq	19591	single-19591	single	2026-05-20 10:15:00	present	no
nf-core_clipseq	19882	single-19882	single	2026-05-20 16:36:19	present	no
nf-core_createtaxdb	19031	single-19031	single	2026-05-19 21:56:04	present	no
nf-core_createtaxdb	19091	single-19091	single	2026-05-19 23:06:05	present	no
nf-core_createtaxdb	19235	single-19235	single	2026-05-20 01:19:26	present	no
nf-core_createtaxdb	19277	single-19277	single	2026-05-20 03:38:11	present	no
nf-core_createtaxdb	19348	single-19348	single	2026-05-20 06:32:06	present	no
nf-core_createtaxdb	19537	single-19537	single	2026-05-20 08:53:36	present	no
nf-core_createtaxdb	19983	single-19983	single	2026-05-21 01:35:50	present	no
nf-core_cutandrun	19032	single-19032	single	2026-05-19 21:55:55	present	no
nf-core_cutandrun	19065	single-19065	single	2026-05-19 22:16:49	present	no
nf-core_cutandrun	19092	single-19092	single	2026-05-19 23:07:53	present	no
nf-core_cutandrun	19120	single-19120	single	2026-05-19 23:35:31	present	no
nf-core_cutandrun	19212	single-19212	single	2026-05-20 00:51:03	present	no
nf-core_cutandrun	19268	single-19268	single	2026-05-20 02:41:55	present	no
nf-core_cutandrun	19319	single-19319	single	2026-05-20 06:45:47	present	no
nf-core_cutandrun	19408	single-19408	single	2026-05-20 16:48:12	present	no
nf-core_cutandrun	19980	single-19980	single	2026-05-21 00:16:19	present	no
nf-core_deepvariant	19351	single-19351	single	2026-05-20 06:37:05	present	no
nf-core_deepvariant	19409	single-19409	single	2026-05-20 08:12:06	present	no
nf-core_deepvariant	19658	single-19658	single	2026-05-20 11:34:58	present	no
nf-core_deepvariant	19830	single-19830	single	2026-05-20 15:29:49	present	no
nf-core_deepvariant	19940	single-19940	single	2026-05-20 18:24:28	present	no
nf-core_demultiplex	19033	single-19033	single	2026-05-19 21:55:58	present	no
nf-core_demultiplex	19067	single-19067	single	2026-05-19 22:17:30	present	no
nf-core_demultiplex	19138	single-19138	single	2026-05-19 23:35:49	present	no
nf-core_demultiplex	19204	single-19204	single	2026-05-20 00:28:38	present	no
nf-core_demultiplex	19231	single-19231	single	2026-05-20 01:12:29	present	no
nf-core_demultiplex	19275	single-19275	single	2026-05-20 03:26:38	present	no
nf-core_demultiplex	19332	single-19332	single	2026-05-20 05:51:14	present	no
nf-core_demultiplex	19388	single-19388	single	2026-05-20 07:10:22	present	no
nf-core_demultiplex	19417	single-19417	single	2026-05-20 08:36:55	present	no
nf-core_demultiplex	20054	single-20054	single	2026-05-21 17:09:44	present	no
nf-core_detaxizer	19034	single-19034	single	2026-05-19 21:56:06	present	no
nf-core_detaxizer	19068	single-19068	single	2026-05-19 22:17:35	present	no
nf-core_detaxizer	19139	single-19139	single	2026-05-19 23:35:51	present	no
nf-core_detaxizer	19174	single-19174	single	2026-05-19 23:44:07	present	no
nf-core_detaxizer	19655	single-19655	single	2026-05-20 11:18:38	present	yes
nf-core_detaxizer	20025	single-20025	single	2026-05-21 09:04:40	present	yes
nf-core_differentialabundance	19123	single-19123	single	2026-05-19 23:36:11	present	no
nf-core_differentialabundance	19213	single-19213	single	2026-05-20 00:42:09	present	no
nf-core_differentialabundance	19272	single-19272	single	2026-05-20 03:00:12	present	no
nf-core_differentialabundance	19325	single-19325	single	2026-05-20 06:14:30	present	no
nf-core_differentialabundance	19389	single-19389	single	2026-05-20 07:54:14	present	no
nf-core_differentialabundance	19578	single-19578	single	2026-05-20 11:34:19	present	no
nf-core_differentialabundance	19894	single-19894	single	2026-05-20 18:18:40	present	no
nf-core_dualrnaseq	19155	single-19155	single	2026-05-19 23:38:54	present	no
nf-core_dualrnaseq	19195	single-19195	single	2026-05-20 00:26:53	present	no
nf-core_dualrnaseq	19234	single-19234	single	2026-05-20 01:18:36	present	no
nf-core_dualrnaseq	19278	single-19278	single	2026-05-20 06:20:31	present	no
nf-core_dualrnaseq	19540	single-19540	single	2026-05-20 09:10:24	present	no
nf-core_dualrnaseq	19782	single-19782	single	2026-05-20 15:08:17	present	no
nf-core_dualrnaseq	19943	single-19943	single	2026-05-20 23:11:37	present	no
nf-core_eager	18959	single-18959	single	2026-05-19 22:51:53	present	no
nf-core_eager	19116	single-19116	single	2026-05-20 00:14:54	present	no
nf-core_eager	19225	single-19225	single	2026-05-20 01:32:04	present	no
nf-core_eager	19281	single-19281	single	2026-05-20 04:20:34	present	no
nf-core_eager	19451	single-19451	single	2026-05-20 08:52:38	present	no
nf-core_eager	19605	single-19605	single	2026-05-21 03:39:56	present	no
nf-core_eager	20010	single-20010	single	2026-05-21 13:53:54	present	no
nf-core_fetchngs	19035	single-19035	single	2026-05-19 21:56:13	present	no
nf-core_fetchngs	19069	single-19069	single	2026-05-19 22:18:03	present	no
nf-core_fetchngs	19087	single-19087	single	2026-05-19 22:56:34	present	no
nf-core_fetchngs	19145	single-19145	single	2026-05-19 23:36:57	present	no
nf-core_fetchngs	19178	single-19178	single	2026-05-20 00:08:51	present	no
nf-core_fetchngs	19347	single-19347	single	2026-05-20 06:31:30	present	no
nf-core_fetchngs	19400	single-19400	single	2026-05-20 07:38:03	present	yes
nf-core_fetchngs	19977	single-19977	single	2026-05-20 23:33:52	present	no
nf-core_funcscan	19036	single-19036	single	2026-05-19 21:56:18	present	no
nf-core_funcscan	19070	single-19070	single	2026-05-19 22:18:05	present	no
nf-core_funcscan	19115	single-19115	single	2026-05-19 23:34:50	present	no
nf-core_funcscan	19170	single-19170	single	2026-05-19 23:43:19	present	no
nf-core_funcscan	19205	single-19205	single	2026-05-20 00:29:13	present	no
nf-core_funcscan	19271	single-19271	single	2026-05-20 02:34:25	present	no
nf-core_funcscan	19320	single-19320	single	2026-05-20 07:41:05	present	no
nf-core_funcscan	19553	single-19553	single	2026-05-20 11:34:59	present	no
nf-core_funcscan	19946	single-19946	single	2026-05-20 21:09:56	present	no
nf-core_genomeqc	19037	single-19037	single	2026-05-19 21:56:22	present	no
nf-core_genomeqc	19071	single-19071	single	2026-05-19 22:18:36	present	no
nf-core_genomeqc	19140	single-19140	single	2026-05-19 23:36:13	present	no
nf-core_genomeqc	19219	single-19219	single	2026-05-20 00:51:40	present	no
nf-core_genomeqc	19269	single-19269	single	2026-05-20 02:16:25	present	no
nf-core_genomeqc	19402	single-19402	single	2026-05-20 07:40:10	present	yes
nf-core_genomeqc	20016	single-20016	single	2026-05-21 01:43:09	present	no
nf-core_hic	19038	single-19038	single	2026-05-19 21:56:38	present	no
nf-core_hic	19072	single-19072	single	2026-05-19 22:18:27	present	no
nf-core_hic	19141	single-19141	single	2026-05-19 23:36:04	present	no
nf-core_hic	19175	single-19175	single	2026-05-19 23:44:54	present	no
nf-core_hic	19286	single-19286	single	2026-05-20 04:02:07	present	no
nf-core_hic	19374	single-19374	single	2026-05-20 06:39:54	present	no
nf-core_hic	20028	single-20028	single	2026-05-21 04:55:00	present	yes
nf-core_mag	19039	single-19039	single	2026-05-19 21:56:36	present	no
nf-core_mag	19073	single-19073	single	2026-05-19 22:20:59	present	no
nf-core_mag	19142	single-19142	single	2026-05-19 23:36:33	present	no
nf-core_mag	19403	single-19403	single	2026-05-20 21:46:56	present	no
nf-core_mag	20031	single-20031	single	2026-05-21 10:33:52	present	no
nf-core_methylseq	19040	single-19040	single	2026-05-19 21:56:47	present	no
nf-core_methylseq	19074	single-19074	single	2026-05-19 22:40:59	present	no
nf-core_methylseq	19143	single-19143	single	2026-05-19 23:36:18	present	no
nf-core_methylseq	19176	single-19176	single	2026-05-19 23:45:43	present	no
nf-core_methylseq	19289	single-19289	single	2026-05-20 04:02:27	present	no
nf-core_methylseq	19340	single-19340	single	2026-05-20 06:17:46	present	no
nf-core_methylseq	19378	single-19378	single	2026-05-21 02:05:33	present	yes
nf-core_methylseq	20034	single-20034	single	2026-05-21 22:03:41	present	yes
nf-core_mhcquant	19041	single-19041	single	2026-05-19 21:57:00	present	no
nf-core_mhcquant	19075	single-19075	single	2026-05-19 22:51:50	present	no
nf-core_mhcquant	19108	single-19108	single	2026-05-19 23:34:43	present	no
nf-core_mhcquant	19315	single-19315	single	2026-05-20 10:09:57	present	no
nf-core_mhcquant	19676	single-19676	single	2026-05-20 12:25:40	present	no
nf-core_mhcquant	20037	single-20037	single	2026-05-21 07:56:09	present	no
nf-core_nascent	19042	single-19042	single	2026-05-19 21:57:10	present	no
nf-core_nascent	19066	single-19066	single	2026-05-19 22:17:27	present	no
nf-core_nascent	19104	single-19104	single	2026-05-19 23:34:43	present	no
nf-core_nascent	19316	single-19316	single	2026-05-20 04:20:55	present	no
nf-core_nascent	19556	single-19556	single	2026-05-21 00:20:59	present	no
nf-core_nascent	20001	single-20001	single	2026-05-21 00:42:13	present	no
nf-core_pathogensurveillance	19043	single-19043	single	2026-05-19 21:57:13	present	no
nf-core_pathogensurveillance	19076	single-19076	single	2026-05-19 22:52:39	present	no
nf-core_pathogensurveillance	19109	single-19109	single	2026-05-20 00:38:17	present	no
nf-core_pathogensurveillance	19262	single-19262	single	2026-05-20 02:01:18	present	no
nf-core_pathogensurveillance	19404	single-19404	single	2026-05-20 07:53:46	present	no
nf-core_pathogensurveillance	19575	single-19575	single	2026-05-20 10:01:51	present	no
nf-core_pathogensurveillance	19672	single-19672	single	2026-05-20 11:41:05	present	no
nf-core_pathogensurveillance	19918	single-19918	single	2026-05-20 17:05:14	present	no
nf-core_proteinfold	19044	single-19044	single	2026-05-19 21:57:21	present	no
nf-core_proteinfold	19093	single-19093	single	2026-05-19 23:08:23	present	no
nf-core_proteinfold	19121	single-19121	single	2026-05-19 23:35:36	present	no
nf-core_proteinfold	19172	single-19172	single	2026-05-19 23:43:48	present	no
nf-core_proteinfold	19207	single-19207	single	2026-05-20 00:36:22	present	no
nf-core_proteinfold	19239	single-19239	single	2026-05-20 01:20:26	present	no
nf-core_proteinfold	19334	single-19334	single	2026-05-20 05:54:15	present	no
nf-core_proteinfold	19381	single-19381	single	2026-05-20 06:57:22	present	no
nf-core_proteinfold	19410	single-19410	single	2026-05-20 08:14:26	present	no
nf-core_proteinfold	19596	single-19596	single	2026-05-20 10:17:29	present	no
nf-core_proteinfold	19921	single-19921	single	2026-05-20 17:50:26	present	no
nf-core_quantms	19045	single-19045	single	2026-05-19 21:57:34	present	no
nf-core_quantms	19077	single-19077	single	2026-05-19 22:52:24	present	no
nf-core_quantms	19110	single-19110	single	2026-05-19 23:34:52	present	no
nf-core_quantms	19169	single-19169	single	2026-05-19 23:42:27	present	no
nf-core_quantms	19208	single-19208	single	2026-05-20 00:48:02	present	no
nf-core_quantms	19264	single-19264	single	2026-05-20 01:47:55	present	no
nf-core_quantms	19288	single-19288	single	2026-05-20 04:02:27	present	no
nf-core_quantms	19343	single-19343	single	2026-05-20 06:18:24	present	no
nf-core_quantms	19405	single-19405	single	2026-05-20 07:58:31	present	no
nf-core_quantms	19565	single-19565	single	2026-05-20 09:42:57	present	no
nf-core_quantms	19695	single-19695	single	2026-05-20 13:11:05	present	no
nf-core_quantms	19950	single-19950	single	2026-05-20 20:19:03	present	no
nf-core_rnaseq	19046	single-19046	single	2026-05-19 21:57:42	present	no
nf-core_rnaseq	19078	single-19078	single	2026-05-19 22:53:23	present	no
nf-core_rnaseq	19144	single-19144	single	2026-05-19 23:36:35	present	no
nf-core_rnaseq	19177	single-19177	single	2026-05-20 00:07:15	present	no
nf-core_rnaseq	19666	single-19666	single	2026-05-20 11:39:27	present	no
nf-core_rnaseq	20040	single-20040	single	2026-05-21 12:31:40	present	no
nf-core_sarek	19094	single-19094	single	2026-05-19 23:09:45	present	no
nf-core_sarek	19128	single-19128	single	2026-05-19 23:36:25	present	no
nf-core_sarek	19214	single-19214	single	2026-05-20 00:48:30	present	no
nf-core_sarek	19266	single-19266	single	2026-05-20 01:59:26	present	no
nf-core_sarek	19797	single-19797	single	2026-05-20 15:21:17	present	no
nf-core_sarek	20043	single-20043	single	2026-05-21 19:42:43	present	no
nf-core_scnanoseq	19049	single-19049	single	2026-05-19 21:58:23	present	no
nf-core_scnanoseq	19107	single-19107	single	2026-05-19 23:35:13	present	no
nf-core_scnanoseq	19209	single-19209	single	2026-05-20 00:37:22	present	no
nf-core_scnanoseq	19930	single-19930	single	2026-05-20 17:51:54	present	no
nf-core_scrnaseq	19136	single-19136	single	2026-05-19 23:35:50	present	no
nf-core_scrnaseq	19648	single-19648	single	2026-05-20 11:14:20	present	no
nf-core_scrnaseq	19953	single-19953	single	2026-05-21 11:19:37	present	no
nf-core_smrnaseq	19050	single-19050	single	2026-05-19 21:58:42	present	no
nf-core_smrnaseq	19137	single-19137	single	2026-05-19 23:35:36	present	no
nf-core_smrnaseq	19173	single-19173	single	2026-05-19 23:44:45	present	no
nf-core_smrnaseq	19285	single-19285	single	2026-05-20 04:02:24	present	no
nf-core_smrnaseq	19375	single-19375	single	2026-05-20 06:46:30	present	no
nf-core_smrnaseq	19398	single-19398	single	2026-05-20 07:36:44	present	no
nf-core_smrnaseq	19771	single-19771	single	2026-05-20 13:52:16	present	no
nf-core_smrnaseq	20047	single-20047	single	2026-05-21 13:05:37	present	no
nf-core_spatialvi	19047	single-19047	single	2026-05-19 21:58:16	present	no
nf-core_spatialvi	19119	single-19119	single	2026-05-19 23:35:18	present	no
nf-core_spatialvi	19171	single-19171	single	2026-05-19 23:42:51	present	no
nf-core_spatialvi	19206	single-19206	single	2026-05-20 00:32:38	present	no
nf-core_spatialvi	19237	single-19237	single	2026-05-20 01:19:58	present	no
nf-core_spatialvi	19335	single-19335	single	2026-05-20 05:55:35	present	no
nf-core_spatialvi	19385	single-19385	single	2026-05-20 07:04:22	present	no
nf-core_spatialvi	19415	single-19415	single	2026-05-20 08:27:55	present	no
nf-core_spatialvi	19585	single-19585	single	2026-05-20 10:11:31	present	no
nf-core_spatialvi	19866	single-19866	single	2026-05-20 16:34:41	present	no
nf-core_spatialvi	19989	single-19989	single	2026-05-21 00:21:40	present	no
nf-core_taxprofiler	19147	single-19147	single	2026-05-19 23:37:15	present	no
nf-core_taxprofiler	19179	single-19179	single	2026-05-20 00:15:46	present	no
nf-core_taxprofiler	19261	single-19261	single	2026-05-20 01:22:30	present	no
nf-core_taxprofiler	19974	single-19974	single	2026-05-21 01:03:44	present	no
nf-core_tumourevo	19096	single-19096	single	2026-05-19 23:12:54	present	no
nf-core_tumourevo	19223	single-19223	single	2026-05-20 00:56:26	present	no
nf-core_tumourevo	19639	single-19639	single	2026-05-20 21:16:25	present	no
nf-core_tumourevo	20019	single-20019	single	2026-05-21 03:59:09	present	no
nf-core_viralintegration	19048	single-19048	single	2026-05-19 21:57:52	present	no
nf-core_viralintegration	19224	single-19224	single	2026-05-20 02:59:16	present	no
nf-core_viralintegration	19336	single-19336	single	2026-05-20 06:13:17	present	no
nf-core_viralintegration	19588	single-19588	single	2026-05-20 10:11:58	present	no
nf-core_viralintegration	19809	single-19809	single	2026-05-20 15:22:19	present	no
nf-core_viralintegration	19965	single-19965	single	2026-05-20 22:15:06	present	yes
nf-core_viralrecon	19097	single-19097	single	2026-05-19 23:14:01	present	no
nf-core_viralrecon	19181	single-19181	single	2026-05-20 00:17:11	present	no
nf-core_viralrecon	19265	single-19265	single	2026-05-20 01:53:09	present	no
nf-core_viralrecon	19318	single-19318	single	2026-05-20 04:40:10	present	no
nf-core_viralrecon	19350	single-19350	single	2026-05-20 06:35:55	present	no
nf-core_viralrecon	19384	single-19384	single	2026-05-20 07:03:02	present	no
nf-core_viralrecon	19449	single-19449	single	2026-05-20 08:51:58	present	no
nf-core_viralrecon	19602	single-19602	single	2026-05-20 13:48:07	present	no
nf-core_viralrecon	20050	single-20050	single	2026-05-21 15:16:01	present	no
nwchem	18948	4node-18948	multi	2026-05-19 21:28:02	missing	no
nwchem	18999	4node-18999	multi	2026-05-19 22:03:40	missing	no
nwchem	19079	4node-profiled-19079	trace	2026-05-19 23:15:57	missing	no
nwchem	19161	4node-profiled-19161	trace	2026-05-20 00:16:02	missing	no
nwchem	19229	4node-profiled-19229	trace	2026-05-20 03:53:11	missing	no
nwchem	18896	single-18896	single	2026-05-19 20:52:13	present	no
parsl	18908	4node-18908	multi	2026-05-19 20:52:55	missing	no
parsl	18998	4node-18998	multi	2026-05-19 21:47:32	missing	no
parsl	19019	4node-profiled-19019	trace	2026-05-19 21:54:48	missing	no
parsl	19056	4node-profiled-19056	trace	2026-05-19 22:16:08	missing	no
parsl	19101	4node-profiled-19101	trace	2026-05-19 23:34:37	missing	no
parsl	18897	single-18897	single	2026-05-19 19:45:43	present	no
parsl	18898	single-18898	single	2026-05-19 19:47:13	present	no
parsl	18900	single-18900	single	2026-05-19 20:33:58	present	no
pegasus	18950	4node-18950	multi	2026-05-19 21:29:06	missing	no
pegasus	19001	4node-19001	multi	2026-05-19 21:37:13	missing	no
pegasus	19016	4node-profiled-19016	trace	2026-05-19 21:54:30	missing	no
pegasus	19053	4node-profiled-19053	trace	2026-05-19 22:15:05	missing	no
pegasus	18899	single-18899	single	2026-05-19 19:53:45	present	no
pegasus	18906	single-18906	single	2026-05-19 20:38:06	present	no
radical.pilot	18997	4node-18997	multi	2026-05-19 21:54:20	missing	no
radical.pilot	19051	4node-profiled-19051	trace	2026-05-19 22:03:51	missing	no
radical.pilot	19080	4node-profiled-19080	trace	2026-05-19 23:30:02	missing	no
radical.pilot	18903	single-18903	single	2026-05-19 20:35:07	present	no
rna-seq-star-deseq2	19117	4node-19117	multi	2026-05-20 00:15:30	missing	no
rna-seq-star-deseq2	19226	4node-profiled-19226	trace	2026-05-20 03:28:34	missing	no
rna-seq-star-deseq2	19330	4node-profiled-19330	trace	2026-05-20 23:49:53	missing	no
rna-seq-star-deseq2	18957	single-18957	single	2026-05-19 22:13:09	present	no
