workflow	run	mode	status	complete_at	file
1000genome-workflow	18970-single	single	pass	2026-05-19 21:46:27	runs/1000genome-workflow/slurm-18970-single.out
1000genome-workflow	19569-single	single	pass	2026-05-20 21:01:50	runs/1000genome-workflow/slurm-19569-single.out
1000genome-workflow	19570-4node	multi	pass	2026-05-21 00:18:19	runs/1000genome-workflow/slurm-19570-4node.out
DeepDriveMD-pipeline	18727-single	single	unknown	2026-05-19 16:22:38	runs/DeepDriveMD-pipeline/slurm-18727-single.out
DeepDriveMD-pipeline	18738-single	single	unknown	2026-05-19 16:25:26	runs/DeepDriveMD-pipeline/slurm-18738-single.out
DeepDriveMD-pipeline	18757-single	single	unknown	2026-05-19 16:29:03	runs/DeepDriveMD-pipeline/slurm-18757-single.out
DeepDriveMD-pipeline	18758-single	single	unknown	2026-05-19 16:30:58	runs/DeepDriveMD-pipeline/slurm-18758-single.out
DeepDriveMD-pipeline	18765-single	single	unknown	2026-05-19 16:33:46	runs/DeepDriveMD-pipeline/slurm-18765-single.out
DeepDriveMD-pipeline	18772-single	single	unknown	2026-05-19 16:38:49	runs/DeepDriveMD-pipeline/slurm-18772-single.out
DeepDriveMD-pipeline	18774-single	single	unknown	2026-05-19 16:41:47	runs/DeepDriveMD-pipeline/slurm-18774-single.out
DeepDriveMD-pipeline	18775-4node	multi	unknown	2026-05-19 16:44:38	runs/DeepDriveMD-pipeline/slurm-18775-4node.out
DeepDriveMD-pipeline	18776-4node	multi	unknown	2026-05-19 16:45:08	runs/DeepDriveMD-pipeline/slurm-18776-4node.out
DeepDriveMD-pipeline	18778-4node	multi	unknown	2026-05-19 18:16:26	runs/DeepDriveMD-pipeline/slurm-18778-4node.out
DeepDriveMD-pipeline	18963-4node-profiled	trace	unknown	2026-05-19 21:46:06	runs/DeepDriveMD-pipeline/slurm-18963-4node-profiled.out
DeepDriveMD-pipeline	19020-4node-profiled	trace	unknown	2026-05-19 21:54:46	runs/DeepDriveMD-pipeline/slurm-19020-4node-profiled.out
DeepDriveMD-pipeline	19099-4node-profiled	trace	unknown	2026-05-19 23:34:42	runs/DeepDriveMD-pipeline/slurm-19099-4node-profiled.out
DeepDriveMD-pipeline	19215-4node-profiled	trace	unknown	2026-05-20 03:28:26	runs/DeepDriveMD-pipeline/slurm-19215-4node-profiled.out
DeepDriveMD-pipeline	19327-4node-profiled	trace	unknown	2026-05-20 22:46:22	runs/DeepDriveMD-pipeline/slurm-19327-4node-profiled.out
Montage	18803-single	single	unknown	2026-05-19 18:15:39	runs/Montage/slurm-18803-single.out
Montage	18964-single	single	pass	2026-05-19 21:32:58	runs/Montage/slurm-18964-single.out
Montage	18969-4node	multi	pass	2026-05-19 21:46:21	runs/Montage/slurm-18969-4node.out
Montage	19018-4node-profiled	trace	unknown	2026-05-19 21:54:37	runs/Montage/slurm-19018-4node-profiled.out
Montage	19055-4node-profiled	trace	pass	2026-05-19 22:15:59	runs/Montage/slurm-19055-4node-profiled.out
PtychoNN	18902-single	single	unknown	2026-05-19 20:38:11	runs/PtychoNN/slurm-18902-single.out
PtychoNN	18996-4node	multi	unknown	2026-05-19 21:52:36	runs/PtychoNN/slurm-18996-4node.out
PtychoNN	19052-4node-profiled	trace	unknown	2026-05-19 22:06:48	runs/PtychoNN/slurm-19052-4node-profiled.out
PtychoNN	19082-4node-profiled	trace	pass	2026-05-19 23:35:20	runs/PtychoNN/slurm-19082-4node-profiled.out
PyFLEXTRKR	18907-single	single	unknown	2026-05-19 20:36:45	runs/PyFLEXTRKR/slurm-18907-single.out
PyFLEXTRKR	18909-single	single	unknown	2026-05-19 21:09:48	runs/PyFLEXTRKR/slurm-18909-single.out
PyFLEXTRKR	18949-single	single	unknown	2026-05-19 21:19:47	runs/PyFLEXTRKR/slurm-18949-single.out
PyFLEXTRKR	18951-4node	multi	unknown	2026-05-19 21:30:26	runs/PyFLEXTRKR/slurm-18951-4node.out
PyFLEXTRKR	19000-4node	multi	unknown	2026-05-19 21:54:28	runs/PyFLEXTRKR/slurm-19000-4node.out
PyFLEXTRKR	19098-4node-profiled	trace	fail	2026-05-19 23:31:44	runs/PyFLEXTRKR/slurm-19098-4node-profiled.out
PyFLEXTRKR	19202-4node-profiled	trace	fail	2026-05-20 03:20:51	runs/PyFLEXTRKR/slurm-19202-4node-profiled.out
PyFLEXTRKR	19324-4node-profiled	trace	fail	2026-05-20 22:38:34	runs/PyFLEXTRKR/slurm-19324-4node-profiled.out
V-pipe	18958-single	single	unknown	2026-05-19 21:46:06	runs/V-pipe/slurm-18958-single.out
V-pipe	19151-single	single	unknown	2026-05-19 23:38:10	runs/V-pipe/slurm-19151-single.out
V-pipe	19193-single	single	unknown	2026-05-20 00:16:42	runs/V-pipe/slurm-19193-single.out
V-pipe	19227-single	single	unknown	2026-05-20 01:11:42	runs/V-pipe/slurm-19227-single.out
V-pipe	19273-single	single	unknown	2026-05-20 04:35:54	runs/V-pipe/slurm-19273-single.out
V-pipe	19652-single	single	unknown	2026-05-20 23:07:24	runs/V-pipe/slurm-19652-single.out
biobb_wf_md_setup	18324-single	single	unknown	2026-05-19 15:08:36	runs/biobb_wf_md_setup/slurm-18324-single.out
biobb_wf_md_setup	18330-single	single	pass	2026-05-19 15:13:49	runs/biobb_wf_md_setup/slurm-18330-single.out
biobb_wf_md_setup	18356-4node	multi	pass	2026-05-19 15:18:46	runs/biobb_wf_md_setup/slurm-18356-4node.out
biobb_wf_md_setup	18381-4node	multi	pass	2026-05-19 15:19:47	runs/biobb_wf_md_setup/slurm-18381-4node.out
biobb_wf_md_setup	18451-4node	multi	pass	2026-05-19 15:29:21	runs/biobb_wf_md_setup/slurm-18451-4node.out
biobb_wf_md_setup	18614-4node-profiled	trace	unknown	2026-05-19 16:13:45	runs/biobb_wf_md_setup/slurm-18614-4node-profiled.out
biobb_wf_md_setup	18962-4node-profiled	trace	unknown	2026-05-19 21:46:29	runs/biobb_wf_md_setup/slurm-18962-4node-profiled.out
biobb_wf_md_setup	19081-4node-profiled	trace	pass	2026-05-19 23:16:21	runs/biobb_wf_md_setup/slurm-19081-4node-profiled.out
biobb_wf_md_setup	19148-4node-profiled	trace	unknown	2026-05-20 00:15:54	runs/biobb_wf_md_setup/slurm-19148-4node-profiled.out
biobb_wf_md_setup	19230-4node-profiled	trace	unknown	2026-05-20 04:01:56	runs/biobb_wf_md_setup/slurm-19230-4node-profiled.out
chipseq	18641-single	single	unknown	2026-05-19 16:13:38	runs/chipseq/slurm-18641-single.out
chipseq	18728-single	single	unknown	2026-05-19 16:22:38	runs/chipseq/slurm-18728-single.out
chipseq	18737-single	single	unknown	2026-05-19 16:24:08	runs/chipseq/slurm-18737-single.out
chipseq	18771-single	single	unknown	2026-05-19 16:36:38	runs/chipseq/slurm-18771-single.out
chipseq	18773-single	single	unknown	2026-05-19 16:38:38	runs/chipseq/slurm-18773-single.out
chipseq	18780-single	single	unknown	2026-05-19 18:12:07	runs/chipseq/slurm-18780-single.out
chipseq	18968-single	single	unknown	2026-05-19 21:46:06	runs/chipseq/slurm-18968-single.out
chipseq	19157-single	single	unknown	2026-05-19 23:39:51	runs/chipseq/slurm-19157-single.out
chipseq	19194-single	single	unknown	2026-05-20 00:17:05	runs/chipseq/slurm-19194-single.out
chipseq	19298-single	single	unknown	2026-05-20 04:04:25	runs/chipseq/slurm-19298-single.out
chipseq	19543-single	single	unknown	2026-05-20 09:13:24	runs/chipseq/slurm-19543-single.out
chipseq	19642-single	single	unknown	2026-05-20 10:30:26	runs/chipseq/slurm-19642-single.out
chipseq	19707-single	single	unknown	2026-05-20 13:10:58	runs/chipseq/slurm-19707-single.out
chipseq	19839-single	single	unknown	2026-05-20 15:30:47	runs/chipseq/slurm-19839-single.out
chipseq	19971-single	single	unknown	2026-05-20 22:27:01	runs/chipseq/slurm-19971-single.out
dna-seq-gatk-variant-calling	18966-single	single	unknown	2026-05-19 21:46:06	runs/dna-seq-gatk-variant-calling/slurm-18966-single.out
dna-seq-gatk-variant-calling	19022-single	single	unknown	2026-05-19 21:55:09	runs/dna-seq-gatk-variant-calling/slurm-19022-single.out
dna-seq-gatk-variant-calling	19058-single	single	unknown	2026-05-19 22:16:05	runs/dna-seq-gatk-variant-calling/slurm-19058-single.out
dna-seq-gatk-variant-calling	19102-single	single	unknown	2026-05-19 23:33:35	runs/dna-seq-gatk-variant-calling/slurm-19102-single.out
dna-seq-gatk-variant-calling	19210-single	single	unknown	2026-05-20 00:37:22	runs/dna-seq-gatk-variant-calling/slurm-19210-single.out
dna-seq-gatk-variant-calling	19270-single	single	unknown	2026-05-20 02:18:23	runs/dna-seq-gatk-variant-calling/slurm-19270-single.out
dna-seq-gatk-variant-calling	19333-single	single	unknown	2026-05-20 05:52:51	runs/dna-seq-gatk-variant-calling/slurm-19333-single.out
dna-seq-gatk-variant-calling	19394-single	single	unknown	2026-05-20 07:38:19	runs/dna-seq-gatk-variant-calling/slurm-19394-single.out
dna-seq-gatk-variant-calling	19547-single	single	unknown	2026-05-20 09:14:26	runs/dna-seq-gatk-variant-calling/slurm-19547-single.out
dna-seq-gatk-variant-calling	19727-single	single	unknown	2026-05-20 15:08:08	runs/dna-seq-gatk-variant-calling/slurm-19727-single.out
dna-seq-gatk-variant-calling	19728-4node	multi	unknown	2026-05-21 13:04:33	runs/dna-seq-gatk-variant-calling/slurm-19728-4node.out
dna-seq-varlociraptor	18967-single	single	unknown	2026-05-19 21:46:06	runs/dna-seq-varlociraptor/slurm-18967-single.out
dna-seq-varlociraptor	19023-single	single	unknown	2026-05-19 22:38:32	runs/dna-seq-varlociraptor/slurm-19023-single.out
dna-seq-varlociraptor	19211-single	single	unknown	2026-05-20 00:38:52	runs/dna-seq-varlociraptor/slurm-19211-single.out
dna-seq-varlociraptor	19263-single	single	unknown	2026-05-20 01:47:44	runs/dna-seq-varlociraptor/slurm-19263-single.out
dna-seq-varlociraptor	19287-4node	multi	unknown	2026-05-20 22:34:16	runs/dna-seq-varlociraptor/slurm-19287-4node.out
dna-seq-varlociraptor	19531-4node-profiled	trace	unknown	2026-05-20 23:51:23	runs/dna-seq-varlociraptor/slurm-19531-4node-profiled.out
iwc	18960	other	pass	2026-05-19 23:22:50	runs/iwc/slurm-18960.out
iwc	19154	other	fail	2026-05-20 03:37:19	runs/iwc/slurm-19154.out
iwc	19331	other	pass	2026-05-20 09:12:58	runs/iwc/slurm-19331.out
iwc	19533-4node	multi	unknown	2026-05-20 23:51:37	runs/iwc/slurm-19533-4node.out
lammps	18961-build	other	unknown	2026-05-19 21:33:41	runs/lammps/slurm-18961-build.out
lammps	19017-single	single	unknown	2026-05-19 21:54:36	runs/lammps/slurm-19017-single.out
lammps	19054-single	single	unknown	2026-05-19 22:05:50	runs/lammps/slurm-19054-single.out
lammps	19083-single	single	unknown	2026-05-19 22:53:30	runs/lammps/slurm-19083-single.out
lammps	19111-4node	multi	unknown	2026-05-19 23:34:48	runs/lammps/slurm-19111-4node.out
lammps	19164-4node	multi	unknown	2026-05-20 00:16:15	runs/lammps/slurm-19164-4node.out
lammps	19228-4node	multi	unknown	2026-05-20 03:29:15	runs/lammps/slurm-19228-4node.out
lammps	19329-4node	multi	unknown	2026-05-20 22:47:05	runs/lammps/slurm-19329-4node.out
metaGEM	18965-single	single	unknown	2026-05-19 21:46:06	runs/metaGEM/slurm-18965-single.out
metaGEM	19024-single	single	unknown	2026-05-19 21:55:54	runs/metaGEM/slurm-19024-single.out
metaGEM	19085-single	single	unknown	2026-05-19 22:56:05	runs/metaGEM/slurm-19085-single.out
metaGEM	19113-single	single	unknown	2026-05-19 23:36:00	runs/metaGEM/slurm-19113-single.out
metaGEM	19317-single	single	unknown	2026-05-20 11:17:30	runs/metaGEM/slurm-19317-single.out
metaGEM	19758-single	single	unknown	2026-05-20 13:50:52	runs/metaGEM/slurm-19758-single.out
metaGEM	19863-single	single	unknown	2026-05-20 18:25:37	runs/metaGEM/slurm-19863-single.out
metaGEM	19864-4node	multi	unknown	2026-05-21 23:22:08	runs/metaGEM/slurm-19864-4node.out
nf-core_airrflow	18971-single	single	fail	2026-05-19 21:46:21	runs/nf-core_airrflow/slurm-18971-single.out
nf-core_airrflow	19025-single	single	fail	2026-05-19 21:55:32	runs/nf-core_airrflow/slurm-19025-single.out
nf-core_airrflow	19059-single	single	unknown	2026-05-19 22:16:33	runs/nf-core_airrflow/slurm-19059-single.out
nf-core_airrflow	19088-single	single	unknown	2026-05-19 23:15:42	runs/nf-core_airrflow/slurm-19088-single.out
nf-core_airrflow	19146-single	single	unknown	2026-05-19 23:37:17	runs/nf-core_airrflow/slurm-19146-single.out
nf-core_airrflow	19203-single	single	fail	2026-05-20 00:28:01	runs/nf-core_airrflow/slurm-19203-single.out
nf-core_airrflow	19232-single	single	fail	2026-05-20 01:12:59	runs/nf-core_airrflow/slurm-19232-single.out
nf-core_airrflow	19274-single	single	fail	2026-05-20 03:26:05	runs/nf-core_airrflow/slurm-19274-single.out
nf-core_airrflow	19337-single	single	fail	2026-05-20 06:15:24	runs/nf-core_airrflow/slurm-19337-single.out
nf-core_airrflow	19382-single	single	fail	2026-05-20 07:01:58	runs/nf-core_airrflow/slurm-19382-single.out
nf-core_airrflow	19413-single	single	fail	2026-05-20 08:27:28	runs/nf-core_airrflow/slurm-19413-single.out
nf-core_airrflow	19582-single	single	fail	2026-05-20 10:11:01	runs/nf-core_airrflow/slurm-19582-single.out
nf-core_airrflow	19682-single	single	fail	2026-05-20 13:08:22	runs/nf-core_airrflow/slurm-19682-single.out
nf-core_airrflow	19812-single	single	fail	2026-05-20 15:45:08	runs/nf-core_airrflow/slurm-19812-single.out
nf-core_airrflow	19962-single	single	unknown	2026-05-20 22:14:40	runs/nf-core_airrflow/slurm-19962-single.out
nf-core_ampliseq	18972-single	single	fail	2026-05-19 21:46:28	runs/nf-core_ampliseq/slurm-18972-single.out
nf-core_ampliseq	19026-single	single	fail	2026-05-19 22:06:32	runs/nf-core_ampliseq/slurm-19026-single.out
nf-core_ampliseq	19084-single	single	fail	2026-05-19 23:19:21	runs/nf-core_ampliseq/slurm-19084-single.out
nf-core_ampliseq	19152-single	single	fail	2026-05-19 23:38:31	runs/nf-core_ampliseq/slurm-19152-single.out
nf-core_ampliseq	19180-single	single	fail	2026-05-20 00:26:41	runs/nf-core_ampliseq/slurm-19180-single.out
nf-core_ampliseq	19233-single	single	fail	2026-05-20 01:57:48	runs/nf-core_ampliseq/slurm-19233-single.out
nf-core_ampliseq	19290-single	single	fail	2026-05-20 04:03:33	runs/nf-core_ampliseq/slurm-19290-single.out
nf-core_ampliseq	19341-single	single	fail	2026-05-20 06:18:02	runs/nf-core_ampliseq/slurm-19341-single.out
nf-core_ampliseq	19377-single	single	fail	2026-05-20 06:49:20	runs/nf-core_ampliseq/slurm-19377-single.out
nf-core_ampliseq	19399-single	single	fail	2026-05-20 07:58:01	runs/nf-core_ampliseq/slurm-19399-single.out
nf-core_ampliseq	19562-single	single	fail	2026-05-20 11:13:13	runs/nf-core_ampliseq/slurm-19562-single.out
nf-core_ampliseq	19755-single	single	fail	2026-05-20 15:58:32	runs/nf-core_ampliseq/slurm-19755-single.out
nf-core_ampliseq	19873-single	single	fail	2026-05-20 18:23:00	runs/nf-core_ampliseq/slurm-19873-single.out
nf-core_atacseq	18973-single	single	fail	2026-05-19 21:46:21	runs/nf-core_atacseq/slurm-18973-single.out
nf-core_atacseq	19027-single	single	fail	2026-05-19 21:55:32	runs/nf-core_atacseq/slurm-19027-single.out
nf-core_atacseq	19060-single	single	fail	2026-05-19 22:20:14	runs/nf-core_atacseq/slurm-19060-single.out
nf-core_atacseq	19103-single	single	unknown	2026-05-19 23:34:30	runs/nf-core_atacseq/slurm-19103-single.out
nf-core_atacseq	19217-single	single	fail	2026-05-20 00:50:05	runs/nf-core_atacseq/slurm-19217-single.out
nf-core_atacseq	19267-single	single	fail	2026-05-20 02:03:30	runs/nf-core_atacseq/slurm-19267-single.out
nf-core_atacseq	19291-single	single	fail	2026-05-20 04:04:06	runs/nf-core_atacseq/slurm-19291-single.out
nf-core_atacseq	19339-single	single	fail	2026-05-20 06:17:09	runs/nf-core_atacseq/slurm-19339-single.out
nf-core_atacseq	19376-single	single	fail	2026-05-20 06:47:28	runs/nf-core_atacseq/slurm-19376-single.out
nf-core_atacseq	19406-single	single	fail	2026-05-20 08:10:52	runs/nf-core_atacseq/slurm-19406-single.out
nf-core_atacseq	19572-single	single	fail	2026-05-20 10:01:16	runs/nf-core_atacseq/slurm-19572-single.out
nf-core_atacseq	19794-single	single	fail	2026-05-20 20:47:55	runs/nf-core_atacseq/slurm-19794-single.out
nf-core_atacseq	20022-single	single	fail	2026-05-21 06:56:51	runs/nf-core_atacseq/slurm-20022-single.out
nf-core_bacass	18974-single	single	fail	2026-05-19 21:46:24	runs/nf-core_bacass/slurm-18974-single.out
nf-core_bacass	19028-single	single	fail	2026-05-19 21:55:32	runs/nf-core_bacass/slurm-19028-single.out
nf-core_bacass	19061-single	single	unknown	2026-05-19 22:17:07	runs/nf-core_bacass/slurm-19061-single.out
nf-core_bacass	19089-single	single	fail	2026-05-19 23:03:12	runs/nf-core_bacass/slurm-19089-single.out
nf-core_bacass	19118-single	single	unknown	2026-05-19 23:34:51	runs/nf-core_bacass/slurm-19118-single.out
nf-core_bacass	19307-single	single	fail	2026-05-20 06:35:37	runs/nf-core_bacass/slurm-19307-single.out
nf-core_bacass	19387-single	single	fail	2026-05-20 07:37:29	runs/nf-core_bacass/slurm-19387-single.out
nf-core_bacass	19550-single	single	fail	2026-05-20 11:13:41	runs/nf-core_bacass/slurm-19550-single.out
nf-core_bacass	19752-single	single	fail	2026-05-21 06:36:34	runs/nf-core_bacass/slurm-19752-single.out
nf-core_bacass	20013-single	single	fail	2026-05-21 10:03:25	runs/nf-core_bacass/slurm-20013-single.out
nf-core_circdna	18975-single	single	fail	2026-05-19 21:46:24	runs/nf-core_circdna/slurm-18975-single.out
nf-core_circdna	19029-single	single	fail	2026-05-19 21:55:42	runs/nf-core_circdna/slurm-19029-single.out
nf-core_circdna	19063-single	single	fail	2026-05-19 22:16:54	runs/nf-core_circdna/slurm-19063-single.out
nf-core_circdna	19090-single	single	fail	2026-05-19 23:11:57	runs/nf-core_circdna/slurm-19090-single.out
nf-core_circdna	19149-single	single	fail	2026-05-20 00:04:38	runs/nf-core_circdna/slurm-19149-single.out
nf-core_circdna	19218-single	single	fail	2026-05-20 01:18:02	runs/nf-core_circdna/slurm-19218-single.out
nf-core_circdna	19276-single	single	fail	2026-05-20 04:12:22	runs/nf-core_circdna/slurm-19276-single.out
nf-core_circdna	19345-single	single	fail	2026-05-20 07:03:57	runs/nf-core_circdna/slurm-19345-single.out
nf-core_circdna	19448-single	single	fail	2026-05-20 09:23:58	runs/nf-core_circdna/slurm-19448-single.out
nf-core_circdna	19645-single	single	fail	2026-05-20 13:48:46	runs/nf-core_circdna/slurm-19645-single.out
nf-core_circdna	19879-single	single	fail	2026-05-21 06:16:54	runs/nf-core_circdna/slurm-19879-single.out
nf-core_clipseq	18976-single	single	fail	2026-05-19 21:46:30	runs/nf-core_clipseq/slurm-18976-single.out
nf-core_clipseq	19030-single	single	fail	2026-05-19 21:55:42	runs/nf-core_clipseq/slurm-19030-single.out
nf-core_clipseq	19064-single	single	fail	2026-05-19 22:17:26	runs/nf-core_clipseq/slurm-19064-single.out
nf-core_clipseq	19086-single	single	fail	2026-05-19 23:15:49	runs/nf-core_clipseq/slurm-19086-single.out
nf-core_clipseq	19150-single	single	unknown	2026-05-19 23:38:01	runs/nf-core_clipseq/slurm-19150-single.out
nf-core_clipseq	19192-single	single	fail	2026-05-20 00:36:50	runs/nf-core_clipseq/slurm-19192-single.out
nf-core_clipseq	19240-single	single	unknown	2026-05-20 03:59:48	runs/nf-core_clipseq/slurm-19240-single.out
nf-core_clipseq	19338-single	single	unknown	2026-05-20 06:16:10	runs/nf-core_clipseq/slurm-19338-single.out
nf-core_clipseq	19591-single	single	unknown	2026-05-20 10:19:00	runs/nf-core_clipseq/slurm-19591-single.out
nf-core_clipseq	19882-single	single	unknown	2026-05-20 16:36:18	runs/nf-core_clipseq/slurm-19882-single.out
nf-core_createtaxdb	18977-single	single	fail	2026-05-19 21:46:28	runs/nf-core_createtaxdb/slurm-18977-single.out
nf-core_createtaxdb	19031-single	single	fail	2026-05-19 22:05:27	runs/nf-core_createtaxdb/slurm-19031-single.out
nf-core_createtaxdb	19091-single	single	fail	2026-05-19 23:58:22	runs/nf-core_createtaxdb/slurm-19091-single.out
nf-core_createtaxdb	19235-single	single	fail	2026-05-20 01:19:29	runs/nf-core_createtaxdb/slurm-19235-single.out
nf-core_createtaxdb	19277-single	single	fail	2026-05-20 04:31:11	runs/nf-core_createtaxdb/slurm-19277-single.out
nf-core_createtaxdb	19348-single	single	fail	2026-05-20 07:28:46	runs/nf-core_createtaxdb/slurm-19348-single.out
nf-core_createtaxdb	19537-single	single	fail	2026-05-20 21:37:29	runs/nf-core_createtaxdb/slurm-19537-single.out
nf-core_createtaxdb	19983-single	single	fail	2026-05-21 01:36:00	runs/nf-core_createtaxdb/slurm-19983-single.out
nf-core_cutandrun	18978-single	single	fail	2026-05-19 21:46:31	runs/nf-core_cutandrun/slurm-18978-single.out
nf-core_cutandrun	19032-single	single	fail	2026-05-19 21:56:01	runs/nf-core_cutandrun/slurm-19032-single.out
nf-core_cutandrun	19065-single	single	fail	2026-05-19 22:17:12	runs/nf-core_cutandrun/slurm-19065-single.out
nf-core_cutandrun	19092-single	single	fail	2026-05-19 23:08:04	runs/nf-core_cutandrun/slurm-19092-single.out
nf-core_cutandrun	19120-single	single	fail	2026-05-19 23:35:52	runs/nf-core_cutandrun/slurm-19120-single.out
nf-core_cutandrun	19212-single	single	fail	2026-05-20 00:51:08	runs/nf-core_cutandrun/slurm-19212-single.out
nf-core_cutandrun	19268-single	single	fail	2026-05-20 02:41:57	runs/nf-core_cutandrun/slurm-19268-single.out
nf-core_cutandrun	19319-single	single	fail	2026-05-20 06:45:51	runs/nf-core_cutandrun/slurm-19319-single.out
nf-core_cutandrun	19408-single	single	pass	2026-05-20 16:48:15	runs/nf-core_cutandrun/slurm-19408-single.out
nf-core_cutandrun	19980-single	single	fail	2026-05-21 00:16:45	runs/nf-core_cutandrun/slurm-19980-single.out
nf-core_deepvariant	18979-single	single	fail	2026-05-20 05:23:33	runs/nf-core_deepvariant/slurm-18979-single.out
nf-core_deepvariant	19351-single	single	fail	2026-05-20 06:57:13	runs/nf-core_deepvariant/slurm-19351-single.out
nf-core_deepvariant	19409-single	single	fail	2026-05-20 09:42:15	runs/nf-core_deepvariant/slurm-19409-single.out
nf-core_deepvariant	19658-single	single	unknown	2026-05-20 13:10:36	runs/nf-core_deepvariant/slurm-19658-single.out
nf-core_deepvariant	19830-single	single	fail	2026-05-20 15:30:22	runs/nf-core_deepvariant/slurm-19830-single.out
nf-core_deepvariant	19940-single	single	fail	2026-05-20 19:03:54	runs/nf-core_deepvariant/slurm-19940-single.out
nf-core_demultiplex	18980-single	single	unknown	2026-05-19 21:46:35	runs/nf-core_demultiplex/slurm-18980-single.out
nf-core_demultiplex	19033-single	single	unknown	2026-05-19 21:56:05	runs/nf-core_demultiplex/slurm-19033-single.out
nf-core_demultiplex	19067-single	single	unknown	2026-05-19 22:18:54	runs/nf-core_demultiplex/slurm-19067-single.out
nf-core_demultiplex	19138-single	single	fail	2026-05-19 23:40:18	runs/nf-core_demultiplex/slurm-19138-single.out
nf-core_demultiplex	19204-single	single	fail	2026-05-20 00:28:46	runs/nf-core_demultiplex/slurm-19204-single.out
nf-core_demultiplex	19231-single	single	fail	2026-05-20 01:12:33	runs/nf-core_demultiplex/slurm-19231-single.out
nf-core_demultiplex	19275-single	single	fail	2026-05-20 03:26:45	runs/nf-core_demultiplex/slurm-19275-single.out
nf-core_demultiplex	19332-single	single	fail	2026-05-20 05:52:28	runs/nf-core_demultiplex/slurm-19332-single.out
nf-core_demultiplex	19388-single	single	unknown	2026-05-20 07:10:28	runs/nf-core_demultiplex/slurm-19388-single.out
nf-core_demultiplex	19417-single	single	fail	2026-05-20 13:17:39	runs/nf-core_demultiplex/slurm-19417-single.out
nf-core_demultiplex	20054-single	single	fail	2026-05-21 17:22:16	runs/nf-core_demultiplex/slurm-20054-single.out
nf-core_detaxizer	18981-single	single	unknown	2026-05-19 21:46:35	runs/nf-core_detaxizer/slurm-18981-single.out
nf-core_detaxizer	19034-single	single	unknown	2026-05-19 21:56:10	runs/nf-core_detaxizer/slurm-19034-single.out
nf-core_detaxizer	19068-single	single	unknown	2026-05-19 22:18:47	runs/nf-core_detaxizer/slurm-19068-single.out
nf-core_detaxizer	19139-single	single	fail	2026-05-19 23:35:56	runs/nf-core_detaxizer/slurm-19139-single.out
nf-core_detaxizer	19174-single	single	unknown	2026-05-20 09:04:30	runs/nf-core_detaxizer/slurm-19174-single.out
nf-core_detaxizer	19655-single	single	fail	2026-05-20 11:20:40	runs/nf-core_detaxizer/slurm-19655-single.out
nf-core_detaxizer	20025-single	single	fail	2026-05-21 10:40:32	runs/nf-core_detaxizer/slurm-20025-single.out
nf-core_differentialabundance	19123-single	single	fail	2026-05-19 23:43:38	runs/nf-core_differentialabundance/slurm-19123-single.out
nf-core_differentialabundance	19213-single	single	fail	2026-05-20 01:11:11	runs/nf-core_differentialabundance/slurm-19213-single.out
nf-core_differentialabundance	19272-single	single	fail	2026-05-20 03:24:59	runs/nf-core_differentialabundance/slurm-19272-single.out
nf-core_differentialabundance	19325-single	single	fail	2026-05-20 06:14:35	runs/nf-core_differentialabundance/slurm-19325-single.out
nf-core_differentialabundance	19389-single	single	fail	2026-05-20 08:19:42	runs/nf-core_differentialabundance/slurm-19389-single.out
nf-core_differentialabundance	19578-single	single	fail	2026-05-20 11:34:43	runs/nf-core_differentialabundance/slurm-19578-single.out
nf-core_differentialabundance	19894-single	single	unknown	2026-05-21 00:06:35	runs/nf-core_differentialabundance/slurm-19894-single.out
nf-core_dualrnaseq	19155-single	single	fail	2026-05-19 23:38:58	runs/nf-core_dualrnaseq/slurm-19155-single.out
nf-core_dualrnaseq	19195-single	single	fail	2026-05-20 00:27:12	runs/nf-core_dualrnaseq/slurm-19195-single.out
nf-core_dualrnaseq	19234-single	single	unknown	2026-05-20 01:18:52	runs/nf-core_dualrnaseq/slurm-19234-single.out
nf-core_dualrnaseq	19278-single	single	unknown	2026-05-20 07:31:02	runs/nf-core_dualrnaseq/slurm-19278-single.out
nf-core_dualrnaseq	19540-single	single	unknown	2026-05-20 09:10:24	runs/nf-core_dualrnaseq/slurm-19540-single.out
nf-core_dualrnaseq	19782-single	single	unknown	2026-05-20 15:08:17	runs/nf-core_dualrnaseq/slurm-19782-single.out
nf-core_dualrnaseq	19943-single	single	fail	2026-05-20 23:32:25	runs/nf-core_dualrnaseq/slurm-19943-single.out
nf-core_eager	18959-single	single	fail	2026-05-19 22:52:01	runs/nf-core_eager/slurm-18959-single.out
nf-core_eager	19116-single	single	unknown	2026-05-20 00:14:55	runs/nf-core_eager/slurm-19116-single.out
nf-core_eager	19225-single	single	fail	2026-05-20 01:32:07	runs/nf-core_eager/slurm-19225-single.out
nf-core_eager	19281-single	single	fail	2026-05-20 04:20:37	runs/nf-core_eager/slurm-19281-single.out
nf-core_eager	19344-envprep	other	fail	2026-05-20 08:42:31	runs/nf-core_eager/slurm-19344-envprep.out
nf-core_eager	19451-single	single	fail	2026-05-20 08:52:50	runs/nf-core_eager/slurm-19451-single.out
nf-core_eager	19605-single	single	pass	2026-05-21 03:40:00	runs/nf-core_eager/slurm-19605-single.out
nf-core_eager	20010-single	single	fail	2026-05-21 13:53:57	runs/nf-core_eager/slurm-20010-single.out
nf-core_fetchngs	18982-single	single	fail	2026-05-19 21:46:42	runs/nf-core_fetchngs/slurm-18982-single.out
nf-core_fetchngs	19035-single	single	unknown	2026-05-19 21:56:28	runs/nf-core_fetchngs/slurm-19035-single.out
nf-core_fetchngs	19069-single	single	fail	2026-05-19 22:18:14	runs/nf-core_fetchngs/slurm-19069-single.out
nf-core_fetchngs	19087-single	single	unknown	2026-05-19 22:57:27	runs/nf-core_fetchngs/slurm-19087-single.out
nf-core_fetchngs	19145-single	single	fail	2026-05-19 23:37:06	runs/nf-core_fetchngs/slurm-19145-single.out
nf-core_fetchngs	19178-single	single	fail	2026-05-20 04:10:24	runs/nf-core_fetchngs/slurm-19178-single.out
nf-core_fetchngs	19347-single	single	unknown	2026-05-20 06:31:35	runs/nf-core_fetchngs/slurm-19347-single.out
nf-core_fetchngs	19400-single	single	fail	2026-05-21 21:02:23	runs/nf-core_fetchngs/slurm-19400-single.out
nf-core_fetchngs	19977-single	single	pass	2026-05-21 04:54:18	runs/nf-core_fetchngs/slurm-19977-single.out
nf-core_funcscan	18983-single	single	unknown	2026-05-19 21:46:47	runs/nf-core_funcscan/slurm-18983-single.out
nf-core_funcscan	19036-single	single	unknown	2026-05-19 21:56:26	runs/nf-core_funcscan/slurm-19036-single.out
nf-core_funcscan	19070-single	single	fail	2026-05-19 22:47:43	runs/nf-core_funcscan/slurm-19070-single.out
nf-core_funcscan	19115-single	single	fail	2026-05-19 23:35:01	runs/nf-core_funcscan/slurm-19115-single.out
nf-core_funcscan	19170-single	single	fail	2026-05-19 23:43:20	runs/nf-core_funcscan/slurm-19170-single.out
nf-core_funcscan	19205-single	single	fail	2026-05-20 01:08:54	runs/nf-core_funcscan/slurm-19205-single.out
nf-core_funcscan	19271-single	single	fail	2026-05-20 03:04:47	runs/nf-core_funcscan/slurm-19271-single.out
nf-core_funcscan	19320-single	single	fail	2026-05-20 07:41:09	runs/nf-core_funcscan/slurm-19320-single.out
nf-core_funcscan	19553-single	single	fail	2026-05-20 15:20:40	runs/nf-core_funcscan/slurm-19553-single.out
nf-core_funcscan	19946-single	single	pass	2026-05-21 04:53:37	runs/nf-core_funcscan/slurm-19946-single.out
nf-core_genomeqc	18984-single	single	unknown	2026-05-19 21:46:39	runs/nf-core_genomeqc/slurm-18984-single.out
nf-core_genomeqc	19037-single	single	unknown	2026-05-19 21:56:28	runs/nf-core_genomeqc/slurm-19037-single.out
nf-core_genomeqc	19071-single	single	unknown	2026-05-19 22:47:40	runs/nf-core_genomeqc/slurm-19071-single.out
nf-core_genomeqc	19140-single	single	fail	2026-05-20 00:07:37	runs/nf-core_genomeqc/slurm-19140-single.out
nf-core_genomeqc	19219-single	single	fail	2026-05-20 00:55:49	runs/nf-core_genomeqc/slurm-19219-single.out
nf-core_genomeqc	19269-single	single	fail	2026-05-20 05:50:34	runs/nf-core_genomeqc/slurm-19269-single.out
nf-core_genomeqc	19402-single	single	fail	2026-05-20 10:37:06	runs/nf-core_genomeqc/slurm-19402-single.out
nf-core_genomeqc	20016-single	single	fail	2026-05-21 03:51:48	runs/nf-core_genomeqc/slurm-20016-single.out
nf-core_hic	18985-single	single	fail	2026-05-19 21:46:41	runs/nf-core_hic/slurm-18985-single.out
nf-core_hic	19038-single	single	unknown	2026-05-19 21:56:58	runs/nf-core_hic/slurm-19038-single.out
nf-core_hic	19072-single	single	unknown	2026-05-19 22:21:01	runs/nf-core_hic/slurm-19072-single.out
nf-core_hic	19141-single	single	fail	2026-05-19 23:36:10	runs/nf-core_hic/slurm-19141-single.out
nf-core_hic	19175-single	single	fail	2026-05-20 01:32:50	runs/nf-core_hic/slurm-19175-single.out
nf-core_hic	19286-single	single	fail	2026-05-20 05:30:46	runs/nf-core_hic/slurm-19286-single.out
nf-core_hic	19374-single	single	fail	2026-05-21 13:29:01	runs/nf-core_hic/slurm-19374-single.out
nf-core_hic	20028-single	single	unknown	2026-05-21 23:27:36	runs/nf-core_hic/slurm-20028-single.out
nf-core_mag	18986-single	single	unknown	2026-05-19 21:46:43	runs/nf-core_mag/slurm-18986-single.out
nf-core_mag	19039-single	single	unknown	2026-05-19 21:56:46	runs/nf-core_mag/slurm-19039-single.out
nf-core_mag	19073-single	single	unknown	2026-05-19 22:23:28	runs/nf-core_mag/slurm-19073-single.out
nf-core_mag	19142-single	single	fail	2026-05-20 06:30:54	runs/nf-core_mag/slurm-19142-single.out
nf-core_mag	19403-single	single	fail	2026-05-20 22:13:21	runs/nf-core_mag/slurm-19403-single.out
nf-core_mag	20031-single	single	fail	2026-05-21 10:55:18	runs/nf-core_mag/slurm-20031-single.out
nf-core_methylseq	18987-single	single	unknown	2026-05-19 21:46:44	runs/nf-core_methylseq/slurm-18987-single.out
nf-core_methylseq	19040-single	single	unknown	2026-05-19 21:57:01	runs/nf-core_methylseq/slurm-19040-single.out
nf-core_methylseq	19074-single	single	unknown	2026-05-19 22:43:07	runs/nf-core_methylseq/slurm-19074-single.out
nf-core_methylseq	19143-single	single	fail	2026-05-19 23:36:27	runs/nf-core_methylseq/slurm-19143-single.out
nf-core_methylseq	19176-single	single	fail	2026-05-20 01:59:14	runs/nf-core_methylseq/slurm-19176-single.out
nf-core_methylseq	19289-single	single	fail	2026-05-20 04:02:31	runs/nf-core_methylseq/slurm-19289-single.out
nf-core_methylseq	19340-single	single	fail	2026-05-20 06:17:56	runs/nf-core_methylseq/slurm-19340-single.out
nf-core_methylseq	19378-single	single	unknown	2026-05-21 23:05:44	runs/nf-core_methylseq/slurm-19378-single.out
nf-core_methylseq	20034-single	single	unknown	2026-05-21 23:26:47	runs/nf-core_methylseq/slurm-20034-single.out
nf-core_mhcquant	18988-single	single	unknown	2026-05-19 21:46:48	runs/nf-core_mhcquant/slurm-18988-single.out
nf-core_mhcquant	19041-single	single	unknown	2026-05-19 21:57:05	runs/nf-core_mhcquant/slurm-19041-single.out
nf-core_mhcquant	19075-single	single	fail	2026-05-19 22:52:15	runs/nf-core_mhcquant/slurm-19075-single.out
nf-core_mhcquant	19108-single	single	unknown	2026-05-19 23:34:43	runs/nf-core_mhcquant/slurm-19108-single.out
nf-core_mhcquant	19315-single	single	fail	2026-05-20 10:10:02	runs/nf-core_mhcquant/slurm-19315-single.out
nf-core_mhcquant	19676-single	single	fail	2026-05-20 12:49:16	runs/nf-core_mhcquant/slurm-19676-single.out
nf-core_mhcquant	20037-single	single	fail	2026-05-21 10:40:26	runs/nf-core_mhcquant/slurm-20037-single.out
nf-core_nascent	18823-single	single	unknown	2026-05-19 18:18:28	runs/nf-core_nascent/slurm-18823-single.out
nf-core_nascent	18989-single	single	fail	2026-05-19 21:46:39	runs/nf-core_nascent/slurm-18989-single.out
nf-core_nascent	19042-single	single	fail	2026-05-19 21:57:12	runs/nf-core_nascent/slurm-19042-single.out
nf-core_nascent	19066-single	single	fail	2026-05-19 22:17:53	runs/nf-core_nascent/slurm-19066-single.out
nf-core_nascent	19104-single	single	unknown	2026-05-19 23:34:43	runs/nf-core_nascent/slurm-19104-single.out
nf-core_nascent	19316-single	single	unknown	2026-05-20 04:20:55	runs/nf-core_nascent/slurm-19316-single.out
nf-core_nascent	19556-single	single	fail	2026-05-21 00:21:03	runs/nf-core_nascent/slurm-19556-single.out
nf-core_nascent	20001-single	single	fail	2026-05-21 01:42:30	runs/nf-core_nascent/slurm-20001-single.out
nf-core_pathogensurveillance	18990-single	single	unknown	2026-05-19 21:46:42	runs/nf-core_pathogensurveillance/slurm-18990-single.out
nf-core_pathogensurveillance	19043-single	single	unknown	2026-05-19 21:57:18	runs/nf-core_pathogensurveillance/slurm-19043-single.out
nf-core_pathogensurveillance	19076-single	single	fail	2026-05-19 22:53:11	runs/nf-core_pathogensurveillance/slurm-19076-single.out
nf-core_pathogensurveillance	19109-single	single	fail	2026-05-20 00:39:30	runs/nf-core_pathogensurveillance/slurm-19109-single.out
nf-core_pathogensurveillance	19262-single	single	fail	2026-05-20 06:11:57	runs/nf-core_pathogensurveillance/slurm-19262-single.out
nf-core_pathogensurveillance	19404-single	single	fail	2026-05-20 08:13:58	runs/nf-core_pathogensurveillance/slurm-19404-single.out
nf-core_pathogensurveillance	19575-single	single	fail	2026-05-20 10:02:03	runs/nf-core_pathogensurveillance/slurm-19575-single.out
nf-core_pathogensurveillance	19672-single	single	fail	2026-05-20 15:28:21	runs/nf-core_pathogensurveillance/slurm-19672-single.out
nf-core_pathogensurveillance	19918-single	single	fail	2026-05-20 19:26:24	runs/nf-core_pathogensurveillance/slurm-19918-single.out
nf-core_proteinfold	18991-single	single	fail	2026-05-19 21:46:43	runs/nf-core_proteinfold/slurm-18991-single.out
nf-core_proteinfold	19044-single	single	fail	2026-05-19 21:57:31	runs/nf-core_proteinfold/slurm-19044-single.out
nf-core_proteinfold	19093-single	single	unknown	2026-05-19 23:08:29	runs/nf-core_proteinfold/slurm-19093-single.out
nf-core_proteinfold	19121-single	single	unknown	2026-05-19 23:35:43	runs/nf-core_proteinfold/slurm-19121-single.out
nf-core_proteinfold	19172-single	single	fail	2026-05-19 23:44:44	runs/nf-core_proteinfold/slurm-19172-single.out
nf-core_proteinfold	19207-single	single	fail	2026-05-20 00:36:31	runs/nf-core_proteinfold/slurm-19207-single.out
nf-core_proteinfold	19239-single	single	fail	2026-05-20 01:20:30	runs/nf-core_proteinfold/slurm-19239-single.out
nf-core_proteinfold	19334-single	single	fail	2026-05-20 05:54:48	runs/nf-core_proteinfold/slurm-19334-single.out
nf-core_proteinfold	19381-single	single	fail	2026-05-20 06:58:20	runs/nf-core_proteinfold/slurm-19381-single.out
nf-core_proteinfold	19410-single	single	fail	2026-05-20 08:48:21	runs/nf-core_proteinfold/slurm-19410-single.out
nf-core_proteinfold	19596-single	single	fail	2026-05-20 10:18:10	runs/nf-core_proteinfold/slurm-19596-single.out
nf-core_proteinfold	19921-single	single	fail	2026-05-20 17:51:38	runs/nf-core_proteinfold/slurm-19921-single.out
nf-core_quantms	18992-single	single	fail	2026-05-19 21:47:02	runs/nf-core_quantms/slurm-18992-single.out
nf-core_quantms	19045-single	single	unknown	2026-05-19 21:57:48	runs/nf-core_quantms/slurm-19045-single.out
nf-core_quantms	19077-single	single	fail	2026-05-19 22:52:36	runs/nf-core_quantms/slurm-19077-single.out
nf-core_quantms	19110-single	single	unknown	2026-05-19 23:35:07	runs/nf-core_quantms/slurm-19110-single.out
nf-core_quantms	19169-single	single	fail	2026-05-19 23:42:47	runs/nf-core_quantms/slurm-19169-single.out
nf-core_quantms	19208-single	single	fail	2026-05-20 00:37:11	runs/nf-core_quantms/slurm-19208-single.out
nf-core_quantms	19264-single	single	fail	2026-05-20 01:51:52	runs/nf-core_quantms/slurm-19264-single.out
nf-core_quantms	19288-single	single	fail	2026-05-20 04:22:52	runs/nf-core_quantms/slurm-19288-single.out
nf-core_quantms	19343-single	single	fail	2026-05-20 06:39:26	runs/nf-core_quantms/slurm-19343-single.out
nf-core_quantms	19405-single	single	fail	2026-05-20 07:58:37	runs/nf-core_quantms/slurm-19405-single.out
nf-core_quantms	19565-single	single	fail	2026-05-20 10:26:03	runs/nf-core_quantms/slurm-19565-single.out
nf-core_quantms	19695-single	single	fail	2026-05-20 13:11:36	runs/nf-core_quantms/slurm-19695-single.out
nf-core_quantms	19950-single	single	fail	2026-05-20 21:45:34	runs/nf-core_quantms/slurm-19950-single.out
nf-core_rnaseq	18993-single	single	unknown	2026-05-19 21:46:47	runs/nf-core_rnaseq/slurm-18993-single.out
nf-core_rnaseq	19046-single	single	unknown	2026-05-19 21:57:52	runs/nf-core_rnaseq/slurm-19046-single.out
nf-core_rnaseq	19078-single	single	unknown	2026-05-19 22:55:40	runs/nf-core_rnaseq/slurm-19078-single.out
nf-core_rnaseq	19144-single	single	fail	2026-05-19 23:36:43	runs/nf-core_rnaseq/slurm-19144-single.out
nf-core_rnaseq	19177-single	single	unknown	2026-05-20 07:08:19	runs/nf-core_rnaseq/slurm-19177-single.out
nf-core_rnaseq	19666-single	single	unknown	2026-05-20 11:39:27	runs/nf-core_rnaseq/slurm-19666-single.out
nf-core_rnaseq	20040-single	single	fail	2026-05-21 12:53:03	runs/nf-core_rnaseq/slurm-20040-single.out
nf-core_sarek	18832-single	single	fail	2026-05-19 18:21:51	runs/nf-core_sarek/slurm-18832-single.out
nf-core_sarek	19094-single	single	fail	2026-05-19 23:12:54	runs/nf-core_sarek/slurm-19094-single.out
nf-core_sarek	19128-single	single	unknown	2026-05-19 23:36:48	runs/nf-core_sarek/slurm-19128-single.out
nf-core_sarek	19214-single	single	fail	2026-05-20 00:48:56	runs/nf-core_sarek/slurm-19214-single.out
nf-core_sarek	19266-single	single	fail	2026-05-20 12:24:20	runs/nf-core_sarek/slurm-19266-single.out
nf-core_sarek	19797-single	single	unknown	2026-05-20 15:21:17	runs/nf-core_sarek/slurm-19797-single.out
nf-core_sarek	20043-single	single	fail	2026-05-21 22:49:33	runs/nf-core_sarek/slurm-20043-single.out
nf-core_scnanoseq	18833-single	single	unknown	2026-05-19 18:25:52	runs/nf-core_scnanoseq/slurm-18833-single.out
nf-core_scnanoseq	18834-single	single	unknown	2026-05-19 20:23:04	runs/nf-core_scnanoseq/slurm-18834-single.out
nf-core_scnanoseq	19002-single	single	fail	2026-05-19 21:47:34	runs/nf-core_scnanoseq/slurm-19002-single.out
nf-core_scnanoseq	19049-single	single	fail	2026-05-19 22:49:15	runs/nf-core_scnanoseq/slurm-19049-single.out
nf-core_scnanoseq	19107-single	single	fail	2026-05-19 23:35:28	runs/nf-core_scnanoseq/slurm-19107-single.out
nf-core_scnanoseq	19209-single	single	unknown	2026-05-20 00:37:22	runs/nf-core_scnanoseq/slurm-19209-single.out
nf-core_scnanoseq	19930-single	single	unknown	2026-05-20 17:51:53	runs/nf-core_scnanoseq/slurm-19930-single.out
nf-core_scrnaseq	18835-single	single	fail	2026-05-19 18:29:26	runs/nf-core_scrnaseq/slurm-18835-single.out
nf-core_scrnaseq	18837-single	single	fail	2026-05-19 18:31:47	runs/nf-core_scrnaseq/slurm-18837-single.out
nf-core_scrnaseq	18840-single	single	unknown	2026-05-19 19:37:20	runs/nf-core_scrnaseq/slurm-18840-single.out
nf-core_scrnaseq	19004-single	single	unknown	2026-05-19 21:49:02	runs/nf-core_scrnaseq/slurm-19004-single.out
nf-core_scrnaseq	19136-single	single	unknown	2026-05-20 00:54:34	runs/nf-core_scrnaseq/slurm-19136-single.out
nf-core_scrnaseq	19648-single	single	fail	2026-05-20 11:38:52	runs/nf-core_scrnaseq/slurm-19648-single.out
nf-core_scrnaseq	19953-single	single	fail	2026-05-21 12:15:13	runs/nf-core_scrnaseq/slurm-19953-single.out
nf-core_smrnaseq	18836-single	single	fail	2026-05-19 21:28:44	runs/nf-core_smrnaseq/slurm-18836-single.out
nf-core_smrnaseq	19003-single	single	fail	2026-05-19 21:48:00	runs/nf-core_smrnaseq/slurm-19003-single.out
nf-core_smrnaseq	19050-single	single	unknown	2026-05-19 23:13:51	runs/nf-core_smrnaseq/slurm-19050-single.out
nf-core_smrnaseq	19137-single	single	fail	2026-05-19 23:35:42	runs/nf-core_smrnaseq/slurm-19137-single.out
nf-core_smrnaseq	19173-single	single	fail	2026-05-20 01:21:06	runs/nf-core_smrnaseq/slurm-19173-single.out
nf-core_smrnaseq	19285-single	single	fail	2026-05-20 05:32:04	runs/nf-core_smrnaseq/slurm-19285-single.out
nf-core_smrnaseq	19375-single	single	fail	2026-05-20 06:46:33	runs/nf-core_smrnaseq/slurm-19375-single.out
nf-core_smrnaseq	19398-single	single	fail	2026-05-20 09:49:14	runs/nf-core_smrnaseq/slurm-19398-single.out
nf-core_smrnaseq	19771-single	single	fail	2026-05-20 17:04:26	runs/nf-core_smrnaseq/slurm-19771-single.out
nf-core_smrnaseq	20047-single	single	fail	2026-05-21 13:58:34	runs/nf-core_smrnaseq/slurm-20047-single.out
nf-core_spatialvi	18838-single	single	fail	2026-05-19 19:48:00	runs/nf-core_spatialvi/slurm-18838-single.out
nf-core_spatialvi	18994-single	single	fail	2026-05-19 21:46:49	runs/nf-core_spatialvi/slurm-18994-single.out
nf-core_spatialvi	19047-single	single	fail	2026-05-19 23:05:27	runs/nf-core_spatialvi/slurm-19047-single.out
nf-core_spatialvi	19119-single	single	fail	2026-05-19 23:35:27	runs/nf-core_spatialvi/slurm-19119-single.out
nf-core_spatialvi	19171-single	single	fail	2026-05-19 23:45:06	runs/nf-core_spatialvi/slurm-19171-single.out
nf-core_spatialvi	19206-single	single	fail	2026-05-20 00:34:39	runs/nf-core_spatialvi/slurm-19206-single.out
nf-core_spatialvi	19237-single	single	fail	2026-05-20 01:20:01	runs/nf-core_spatialvi/slurm-19237-single.out
nf-core_spatialvi	19335-single	single	fail	2026-05-20 06:18:08	runs/nf-core_spatialvi/slurm-19335-single.out
nf-core_spatialvi	19385-single	single	fail	2026-05-20 07:07:30	runs/nf-core_spatialvi/slurm-19385-single.out
nf-core_spatialvi	19415-single	single	fail	2026-05-20 08:32:54	runs/nf-core_spatialvi/slurm-19415-single.out
nf-core_spatialvi	19585-single	single	fail	2026-05-20 10:11:48	runs/nf-core_spatialvi/slurm-19585-single.out
nf-core_spatialvi	19866-single	single	fail	2026-05-20 16:35:42	runs/nf-core_spatialvi/slurm-19866-single.out
nf-core_spatialvi	19989-single	single	fail	2026-05-21 00:22:03	runs/nf-core_spatialvi/slurm-19989-single.out
nf-core_taxprofiler	18841-single	single	fail	2026-05-19 21:30:34	runs/nf-core_taxprofiler/slurm-18841-single.out
nf-core_taxprofiler	19005-single	single	fail	2026-05-19 22:50:42	runs/nf-core_taxprofiler/slurm-19005-single.out
nf-core_taxprofiler	19147-single	single	fail	2026-05-19 23:37:21	runs/nf-core_taxprofiler/slurm-19147-single.out
nf-core_taxprofiler	19179-single	single	fail	2026-05-20 00:38:40	runs/nf-core_taxprofiler/slurm-19179-single.out
nf-core_taxprofiler	19261-single	single	fail	2026-05-20 17:49:32	runs/nf-core_taxprofiler/slurm-19261-single.out
nf-core_taxprofiler	19974-single	single	fail	2026-05-21 01:35:51	runs/nf-core_taxprofiler/slurm-19974-single.out
nf-core_tumourevo	18843-single	single	unknown	2026-05-19 19:48:50	runs/nf-core_tumourevo/slurm-18843-single.out
nf-core_tumourevo	19006-single	single	fail	2026-05-19 21:54:56	runs/nf-core_tumourevo/slurm-19006-single.out
nf-core_tumourevo	19096-single	single	fail	2026-05-19 23:33:23	runs/nf-core_tumourevo/slurm-19096-single.out
nf-core_tumourevo	19223-single	single	fail	2026-05-20 09:09:57	runs/nf-core_tumourevo/slurm-19223-single.out
nf-core_tumourevo	19639-single	single	fail	2026-05-20 21:16:28	runs/nf-core_tumourevo/slurm-19639-single.out
nf-core_tumourevo	20019-single	single	fail	2026-05-21 06:28:08	runs/nf-core_tumourevo/slurm-20019-single.out
nf-core_viralintegration	18846-probe	other	fail	2026-05-19 19:21:13	runs/nf-core_viralintegration/slurm-18846-probe.out
nf-core_viralintegration	18995-single	single	fail	2026-05-19 21:46:50	runs/nf-core_viralintegration/slurm-18995-single.out
nf-core_viralintegration	19048-single	single	fail	2026-05-19 22:40:27	runs/nf-core_viralintegration/slurm-19048-single.out
nf-core_viralintegration	19224-single	single	fail	2026-05-20 02:59:32	runs/nf-core_viralintegration/slurm-19224-single.out
nf-core_viralintegration	19336-single	single	fail	2026-05-20 06:16:57	runs/nf-core_viralintegration/slurm-19336-single.out
nf-core_viralintegration	19588-single	single	fail	2026-05-20 10:14:21	runs/nf-core_viralintegration/slurm-19588-single.out
nf-core_viralintegration	19809-single	single	fail	2026-05-20 15:23:52	runs/nf-core_viralintegration/slurm-19809-single.out
nf-core_viralintegration	19965-single	single	unknown	2026-05-20 22:15:01	runs/nf-core_viralintegration/slurm-19965-single.out
nf-core_viralrecon	18956-single	single	fail	2026-05-19 21:54:11	runs/nf-core_viralrecon/slurm-18956-single.out
nf-core_viralrecon	19097-single	single	fail	2026-05-19 23:39:17	runs/nf-core_viralrecon/slurm-19097-single.out
nf-core_viralrecon	19181-single	single	fail	2026-05-20 00:46:59	runs/nf-core_viralrecon/slurm-19181-single.out
nf-core_viralrecon	19265-single	single	fail	2026-05-20 02:41:04	runs/nf-core_viralrecon/slurm-19265-single.out
nf-core_viralrecon	19318-single	single	fail	2026-05-20 05:05:49	runs/nf-core_viralrecon/slurm-19318-single.out
nf-core_viralrecon	19350-single	single	fail	2026-05-20 06:35:59	runs/nf-core_viralrecon/slurm-19350-single.out
nf-core_viralrecon	19384-single	single	fail	2026-05-20 07:10:12	runs/nf-core_viralrecon/slurm-19384-single.out
nf-core_viralrecon	19449-single	single	fail	2026-05-20 08:52:01	runs/nf-core_viralrecon/slurm-19449-single.out
nf-core_viralrecon	19602-single	single	fail	2026-05-20 15:19:51	runs/nf-core_viralrecon/slurm-19602-single.out
nf-core_viralrecon	20050-single	single	fail	2026-05-21 16:28:09	runs/nf-core_viralrecon/slurm-20050-single.out
nwchem	18896-single	single	unknown	2026-05-19 20:52:13	runs/nwchem/slurm-18896-single.out
nwchem	18948-4node	multi	unknown	2026-05-19 21:28:03	runs/nwchem/slurm-18948-4node.out
nwchem	18999-4node	multi	unknown	2026-05-19 22:03:41	runs/nwchem/slurm-18999-4node.out
nwchem	19079-4node-profiled	trace	unknown	2026-05-19 23:15:54	runs/nwchem/slurm-19079-4node-profiled.out
nwchem	19161-4node-profiled	trace	unknown	2026-05-20 00:16:00	runs/nwchem/slurm-19161-4node-profiled.out
nwchem	19229-4node-profiled	trace	pass	2026-05-20 03:53:11	runs/nwchem/slurm-19229-4node-profiled.out
parsl	18897-single	single	fail	2026-05-19 19:45:44	runs/parsl/slurm-18897-single.out
parsl	18898-single	single	fail	2026-05-19 19:47:16	runs/parsl/slurm-18898-single.out
parsl	18900-single	single	pass	2026-05-19 20:33:58	runs/parsl/slurm-18900-single.out
parsl	18908-4node	multi	unknown	2026-05-19 20:52:46	runs/parsl/slurm-18908-4node.out
parsl	18998-4node	multi	pass	2026-05-19 21:47:32	runs/parsl/slurm-18998-4node.out
parsl	19019-4node-profiled	trace	unknown	2026-05-19 21:55:18	runs/parsl/slurm-19019-4node-profiled.out
parsl	19056-4node-profiled	trace	fail	2026-05-19 22:16:32	runs/parsl/slurm-19056-4node-profiled.out
parsl	19101-4node-profiled	trace	pass	2026-05-19 23:34:37	runs/parsl/slurm-19101-4node-profiled.out
pegasus	18899-single	single	fail	2026-05-19 19:53:46	runs/pegasus/slurm-18899-single.out
pegasus	18901-single	single	unknown	2026-05-19 19:59:12	runs/pegasus/slurm-18901-single.out
pegasus	18906-single	single	pass	2026-05-19 20:38:06	runs/pegasus/slurm-18906-single.out
pegasus	18950-4node	multi	pass	2026-05-19 21:29:03	runs/pegasus/slurm-18950-4node.out
pegasus	19001-4node	multi	pass	2026-05-19 21:37:13	runs/pegasus/slurm-19001-4node.out
pegasus	19016-4node-profiled	trace	unknown	2026-05-19 21:54:30	runs/pegasus/slurm-19016-4node-profiled.out
pegasus	19053-4node-profiled	trace	pass	2026-05-19 22:15:05	runs/pegasus/slurm-19053-4node-profiled.out
radical.pilot	18903-single	single	pass	2026-05-19 20:35:07	runs/radical.pilot/slurm-18903-single.out
radical.pilot	18997-4node	multi	pass	2026-05-19 21:54:20	runs/radical.pilot/slurm-18997-4node.out
radical.pilot	19051-4node-profiled	trace	fail	2026-05-19 22:03:58	runs/radical.pilot/slurm-19051-4node-profiled.out
radical.pilot	19080-4node-profiled	trace	pass	2026-05-19 23:30:03	runs/radical.pilot/slurm-19080-4node-profiled.out
rna-seq-star-deseq2	18957-single	single	unknown	2026-05-19 23:00:45	runs/rna-seq-star-deseq2/slurm-18957-single.out
rna-seq-star-deseq2	19117-4node	multi	unknown	2026-05-20 00:15:30	runs/rna-seq-star-deseq2/slurm-19117-4node.out
rna-seq-star-deseq2	19226-4node-profiled	trace	unknown	2026-05-20 03:29:10	runs/rna-seq-star-deseq2/slurm-19226-4node-profiled.out
rna-seq-star-deseq2	19330-4node-profiled	trace	pass	2026-05-20 23:49:53	runs/rna-seq-star-deseq2/slurm-19330-4node-profiled.out
