biobb_wf_md_setup	18381	multi	4node-18381	present
biobb_wf_md_setup	18614	trace	4node-profiled-18614	present
DeepDriveMD-pipeline	18727	single	single-18727	present
DeepDriveMD-pipeline	18738	single	single-18738	present
DeepDriveMD-pipeline	18757	single	single-18757	present
DeepDriveMD-pipeline	18758	single	single-18758	present
DeepDriveMD-pipeline	18765	single	single-18765	present
DeepDriveMD-pipeline	18774	single	single-18774	present
DeepDriveMD-pipeline	18776	multi	4node-18776	present
parsl	18897	single	single-18897	present
parsl	18898	single	single-18898	present
pegasus	18899	single	single-18899	present
parsl	18908	multi	4node-18908	present
nwchem	18948	multi	4node-18948	present
pegasus	18950	multi	4node-18950	present
V-pipe	18958	single	single-18958	present
nf-core_eager	18959	single	single-18959	present
biobb_wf_md_setup	18962	trace	4node-profiled-18962	present
PtychoNN	18996	multi	4node-18996	present
pegasus	19016	trace	4node-profiled-19016	present
Montage	19018	trace	4node-profiled-19018	present
parsl	19019	trace	4node-profiled-19019	present
DeepDriveMD-pipeline	19020	trace	4node-profiled-19020	present
nf-core_airrflow	19025	single	single-19025	present
nf-core_ampliseq	19026	single	single-19026	present
nf-core_atacseq	19027	single	single-19027	present
nf-core_bacass	19028	single	single-19028	present
nf-core_circdna	19029	single	single-19029	present
nf-core_clipseq	19030	single	single-19030	present
nf-core_createtaxdb	19031	single	single-19031	present
nf-core_cutandrun	19032	single	single-19032	present
nf-core_demultiplex	19033	single	single-19033	present
nf-core_detaxizer	19034	single	single-19034	present
nf-core_fetchngs	19035	single	single-19035	present
nf-core_funcscan	19036	single	single-19036	present
nf-core_genomeqc	19037	single	single-19037	present
nf-core_hic	19038	single	single-19038	present
nf-core_mag	19039	single	single-19039	present
nf-core_methylseq	19040	single	single-19040	present
nf-core_mhcquant	19041	single	single-19041	present
nf-core_nascent	19042	single	single-19042	present
nf-core_pathogensurveillance	19043	single	single-19043	present
nf-core_proteinfold	19044	single	single-19044	present
nf-core_quantms	19045	single	single-19045	present
nf-core_rnaseq	19046	single	single-19046	present
nf-core_spatialvi	19047	single	single-19047	present
nf-core_viralintegration	19048	single	single-19048	present
nf-core_scnanoseq	19049	single	single-19049	present
nf-core_smrnaseq	19050	single	single-19050	present
radical.pilot	19051	trace	4node-profiled-19051	present
PtychoNN	19052	trace	4node-profiled-19052	present
lammps	19054	single	single-19054	present
nf-core_airrflow	19059	single	single-19059	present
nf-core_atacseq	19060	single	single-19060	present
nf-core_bacass	19061	single	single-19061	present
nf-core_circdna	19063	single	single-19063	present
nf-core_clipseq	19064	single	single-19064	present
nf-core_cutandrun	19065	single	single-19065	present
nf-core_nascent	19066	single	single-19066	present
nf-core_demultiplex	19067	single	single-19067	present
nf-core_detaxizer	19068	single	single-19068	present
nf-core_fetchngs	19069	single	single-19069	present
nf-core_funcscan	19070	single	single-19070	present
nf-core_genomeqc	19071	single	single-19071	present
nf-core_hic	19072	single	single-19072	present
nf-core_mag	19073	single	single-19073	present
nf-core_methylseq	19074	single	single-19074	present
nf-core_mhcquant	19075	single	single-19075	present
nf-core_pathogensurveillance	19076	single	single-19076	present
nf-core_quantms	19077	single	single-19077	present
nf-core_rnaseq	19078	single	single-19078	present
nwchem	19079	trace	4node-profiled-19079	present
radical.pilot	19080	trace	4node-profiled-19080	present
biobb_wf_md_setup	19081	trace	4node-profiled-19081	present
nf-core_ampliseq	19084	single	single-19084	present
nf-core_clipseq	19086	single	single-19086	present
nf-core_fetchngs	19087	single	single-19087	present
nf-core_airrflow	19088	single	single-19088	present
nf-core_bacass	19089	single	single-19089	present
nf-core_circdna	19090	single	single-19090	present
nf-core_createtaxdb	19091	single	single-19091	present
nf-core_cutandrun	19092	single	single-19092	present
nf-core_proteinfold	19093	single	single-19093	present
nf-core_sarek	19094	single	single-19094	present
nf-core_tumourevo	19096	single	single-19096	present
nf-core_viralrecon	19097	single	single-19097	present
PyFLEXTRKR	19098	trace	4node-profiled-19098	present
DeepDriveMD-pipeline	19099	trace	4node-profiled-19099	present
parsl	19101	trace	4node-profiled-19101	present
nf-core_atacseq	19103	single	single-19103	present
nf-core_nascent	19104	single	single-19104	present
nf-core_scnanoseq	19107	single	single-19107	present
nf-core_mhcquant	19108	single	single-19108	present
nf-core_pathogensurveillance	19109	single	single-19109	present
nf-core_quantms	19110	single	single-19110	present
metaGEM	19113	single	single-19113	present
nf-core_funcscan	19115	single	single-19115	present
nf-core_eager	19116	single	single-19116	present
nf-core_bacass	19118	single	single-19118	present
nf-core_spatialvi	19119	single	single-19119	present
nf-core_cutandrun	19120	single	single-19120	present
nf-core_proteinfold	19121	single	single-19121	present
nf-core_differentialabundance	19123	single	single-19123	present
nf-core_sarek	19128	single	single-19128	present
nf-core_scrnaseq	19136	single	single-19136	present
nf-core_smrnaseq	19137	single	single-19137	present
nf-core_demultiplex	19138	single	single-19138	present
nf-core_detaxizer	19139	single	single-19139	present
nf-core_genomeqc	19140	single	single-19140	present
nf-core_hic	19141	single	single-19141	present
nf-core_mag	19142	single	single-19142	present
nf-core_methylseq	19143	single	single-19143	present
nf-core_rnaseq	19144	single	single-19144	present
nf-core_fetchngs	19145	single	single-19145	present
nf-core_airrflow	19146	single	single-19146	present
nf-core_taxprofiler	19147	single	single-19147	present
biobb_wf_md_setup	19148	trace	4node-profiled-19148	present
nf-core_circdna	19149	single	single-19149	present
nf-core_clipseq	19150	single	single-19150	present
V-pipe	19151	single	single-19151	present
nf-core_ampliseq	19152	single	single-19152	present
nf-core_dualrnaseq	19155	single	single-19155	present
nwchem	19161	trace	4node-profiled-19161	present
lammps	19164	multi	4node-19164	present
nf-core_quantms	19169	single	single-19169	present
nf-core_funcscan	19170	single	single-19170	present
nf-core_spatialvi	19171	single	single-19171	present
nf-core_proteinfold	19172	single	single-19172	present
nf-core_smrnaseq	19173	single	single-19173	present
nf-core_detaxizer	19174	single	single-19174	present
nf-core_hic	19175	single	single-19175	present
nf-core_methylseq	19176	single	single-19176	present
nf-core_rnaseq	19177	single	single-19177	present
nf-core_fetchngs	19178	single	single-19178	present
nf-core_taxprofiler	19179	single	single-19179	present
nf-core_ampliseq	19180	single	single-19180	present
nf-core_viralrecon	19181	single	single-19181	present
nf-core_clipseq	19192	single	single-19192	present
V-pipe	19193	single	single-19193	present
nf-core_dualrnaseq	19195	single	single-19195	present
PyFLEXTRKR	19202	trace	4node-profiled-19202	present
nf-core_airrflow	19203	single	single-19203	present
nf-core_demultiplex	19204	single	single-19204	present
nf-core_spatialvi	19206	single	single-19206	present
nf-core_proteinfold	19207	single	single-19207	present
nf-core_quantms	19208	single	single-19208	present
nf-core_scnanoseq	19209	single	single-19209	present
nf-core_differentialabundance	19213	single	single-19213	present
nf-core_sarek	19214	single	single-19214	present
nf-core_atacseq	19217	single	single-19217	present
nf-core_circdna	19218	single	single-19218	present
nf-core_genomeqc	19219	single	single-19219	present
nf-core_tumourevo	19223	single	single-19223	present
nf-core_viralintegration	19224	single	single-19224	present
nf-core_eager	19225	single	single-19225	present
rna-seq-star-deseq2	19226	trace	4node-profiled-19226	present
V-pipe	19227	single	single-19227	present
nf-core_demultiplex	19231	single	single-19231	present
nf-core_airrflow	19232	single	single-19232	present
nf-core_ampliseq	19233	single	single-19233	present
nf-core_dualrnaseq	19234	single	single-19234	present
nf-core_createtaxdb	19235	single	single-19235	present
nf-core_spatialvi	19237	single	single-19237	present
nf-core_proteinfold	19239	single	single-19239	present
nf-core_clipseq	19240	single	single-19240	present
nf-core_taxprofiler	19261	single	single-19261	present
nf-core_pathogensurveillance	19262	single	single-19262	present
nf-core_quantms	19264	single	single-19264	present
nf-core_viralrecon	19265	single	single-19265	present
nf-core_sarek	19266	single	single-19266	present
nf-core_atacseq	19267	single	single-19267	present
nf-core_cutandrun	19268	single	single-19268	present
nf-core_genomeqc	19269	single	single-19269	present
nf-core_funcscan	19271	single	single-19271	present
nf-core_differentialabundance	19272	single	single-19272	present
V-pipe	19273	single	single-19273	present
nf-core_airrflow	19274	single	single-19274	present
nf-core_demultiplex	19275	single	single-19275	present
nf-core_circdna	19276	single	single-19276	present
nf-core_createtaxdb	19277	single	single-19277	present
nf-core_dualrnaseq	19278	single	single-19278	present
nf-core_eager	19281	single	single-19281	present
nf-core_smrnaseq	19285	single	single-19285	present
nf-core_hic	19286	single	single-19286	present
dna-seq-varlociraptor	19287	multi	4node-19287	present
nf-core_quantms	19288	single	single-19288	present
nf-core_methylseq	19289	single	single-19289	present
nf-core_ampliseq	19290	single	single-19290	present
nf-core_atacseq	19291	single	single-19291	present
nf-core_bacass	19307	single	single-19307	present
nf-core_mhcquant	19315	single	single-19315	present
nf-core_nascent	19316	single	single-19316	present
nf-core_viralrecon	19318	single	single-19318	present
nf-core_cutandrun	19319	single	single-19319	present
nf-core_funcscan	19320	single	single-19320	present
PyFLEXTRKR	19324	trace	4node-profiled-19324	present
nf-core_differentialabundance	19325	single	single-19325	present
DeepDriveMD-pipeline	19327	trace	4node-profiled-19327	present
lammps	19329	multi	4node-19329	present
rna-seq-star-deseq2	19330	trace	4node-profiled-19330	present
nf-core_demultiplex	19332	single	single-19332	present
nf-core_proteinfold	19334	single	single-19334	present
nf-core_spatialvi	19335	single	single-19335	present
nf-core_viralintegration	19336	single	single-19336	present
nf-core_airrflow	19337	single	single-19337	present
nf-core_clipseq	19338	single	single-19338	present
nf-core_atacseq	19339	single	single-19339	present
nf-core_methylseq	19340	single	single-19340	present
nf-core_ampliseq	19341	single	single-19341	present
nf-core_quantms	19343	single	single-19343	present
nf-core_circdna	19345	single	single-19345	present
nf-core_fetchngs	19347	single	single-19347	present
nf-core_createtaxdb	19348	single	single-19348	present
nf-core_viralrecon	19350	single	single-19350	present
nf-core_deepvariant	19351	single	single-19351	present
nf-core_smrnaseq	19375	single	single-19375	present
nf-core_atacseq	19376	single	single-19376	present
nf-core_ampliseq	19377	single	single-19377	present
nf-core_proteinfold	19381	single	single-19381	present
nf-core_airrflow	19382	single	single-19382	present
nf-core_viralrecon	19384	single	single-19384	present
nf-core_spatialvi	19385	single	single-19385	present
nf-core_bacass	19387	single	single-19387	present
nf-core_demultiplex	19388	single	single-19388	present
nf-core_differentialabundance	19389	single	single-19389	present
nf-core_smrnaseq	19398	single	single-19398	present
nf-core_ampliseq	19399	single	single-19399	present
nf-core_mag	19403	single	single-19403	present
nf-core_pathogensurveillance	19404	single	single-19404	present
nf-core_quantms	19405	single	single-19405	present
nf-core_atacseq	19406	single	single-19406	present
nf-core_cutandrun	19408	single	single-19408	present
nf-core_deepvariant	19409	single	single-19409	present
nf-core_proteinfold	19410	single	single-19410	present
nf-core_airrflow	19413	single	single-19413	present
nf-core_spatialvi	19415	single	single-19415	present
nf-core_demultiplex	19417	single	single-19417	present
nf-core_circdna	19448	single	single-19448	present
nf-core_viralrecon	19449	single	single-19449	present
nf-core_eager	19451	single	single-19451	present
dna-seq-varlociraptor	19531	trace	4node-profiled-19531	present
iwc	19533	multi	4node-19533	present
nf-core_createtaxdb	19537	single	single-19537	present
nf-core_dualrnaseq	19540	single	single-19540	present
nf-core_funcscan	19553	single	single-19553	present
nf-core_nascent	19556	single	single-19556	present
nf-core_quantms	19565	single	single-19565	present
nf-core_atacseq	19572	single	single-19572	present
nf-core_pathogensurveillance	19575	single	single-19575	present
nf-core_differentialabundance	19578	single	single-19578	present
nf-core_airrflow	19582	single	single-19582	present
nf-core_spatialvi	19585	single	single-19585	present
nf-core_viralintegration	19588	single	single-19588	present
nf-core_clipseq	19591	single	single-19591	present
nf-core_proteinfold	19596	single	single-19596	present
nf-core_viralrecon	19602	single	single-19602	present
nf-core_eager	19605	single	single-19605	present
nf-core_tumourevo	19639	single	single-19639	present
nf-core_circdna	19645	single	single-19645	present
nf-core_scrnaseq	19648	single	single-19648	present
nf-core_deepvariant	19658	single	single-19658	present
nf-core_rnaseq	19666	single	single-19666	present
nf-core_pathogensurveillance	19672	single	single-19672	present
nf-core_mhcquant	19676	single	single-19676	present
nf-core_airrflow	19682	single	single-19682	present
nf-core_quantms	19695	single	single-19695	present
chipseq	19707	single	single-19707	present
dna-seq-gatk-variant-calling	19728	multi	4node-19728	present
nf-core_bacass	19752	single	single-19752	present
nf-core_ampliseq	19755	single	single-19755	present
metaGEM	19758	single	single-19758	present
nf-core_smrnaseq	19771	single	single-19771	present
nf-core_dualrnaseq	19782	single	single-19782	present
nf-core_atacseq	19794	single	single-19794	present
nf-core_sarek	19797	single	single-19797	present
nf-core_viralintegration	19809	single	single-19809	present
nf-core_airrflow	19812	single	single-19812	present
nf-core_deepvariant	19830	single	single-19830	present
metaGEM	19863	single	single-19863	present
nf-core_spatialvi	19866	single	single-19866	present
nf-core_ampliseq	19873	single	single-19873	present
nf-core_circdna	19879	single	single-19879	present
nf-core_clipseq	19882	single	single-19882	present
nf-core_differentialabundance	19894	single	single-19894	present
nf-core_pathogensurveillance	19918	single	single-19918	present
nf-core_proteinfold	19921	single	single-19921	present
nf-core_scnanoseq	19930	single	single-19930	present
nf-core_deepvariant	19940	single	single-19940	present
nf-core_dualrnaseq	19943	single	single-19943	present
nf-core_funcscan	19946	single	single-19946	present
nf-core_quantms	19950	single	single-19950	present
nf-core_scrnaseq	19953	single	single-19953	present
nf-core_airrflow	19962	single	single-19962	present
chipseq	19971	single	single-19971	present
nf-core_taxprofiler	19974	single	single-19974	present
nf-core_fetchngs	19977	single	single-19977	present
nf-core_cutandrun	19980	single	single-19980	present
nf-core_createtaxdb	19983	single	single-19983	present
nf-core_spatialvi	19989	single	single-19989	present
nf-core_nascent	20001	single	single-20001	present
nf-core_eager	20010	single	single-20010	present
nf-core_bacass	20013	single	single-20013	present
nf-core_genomeqc	20016	single	single-20016	present
nf-core_tumourevo	20019	single	single-20019	present
nf-core_atacseq	20022	single	single-20022	present
nf-core_mag	20031	single	single-20031	present
nf-core_mhcquant	20037	single	single-20037	present
nf-core_rnaseq	20040	single	single-20040	present
nf-core_sarek	20043	single	single-20043	present
nf-core_smrnaseq	20047	single	single-20047	present
nf-core_viralrecon	20050	single	single-20050	present
nf-core_demultiplex	20054	single	single-20054	present
