workflow	run_id	mode	status	slurm_file
1000genome-workflow	18970-single	other	fail	runs/1000genome-workflow/slurm-18970-single.out
1000genome-workflow	19569-single	other	fail	runs/1000genome-workflow/slurm-19569-single.out
1000genome-workflow	19570-4node	other	fail	runs/1000genome-workflow/slurm-19570-4node.out
DeepDriveMD-pipeline	18727-single	other	unknown	runs/DeepDriveMD-pipeline/slurm-18727-single.out
DeepDriveMD-pipeline	18738-single	other	unknown	runs/DeepDriveMD-pipeline/slurm-18738-single.out
DeepDriveMD-pipeline	18757-single	other	unknown	runs/DeepDriveMD-pipeline/slurm-18757-single.out
DeepDriveMD-pipeline	18758-single	other	unknown	runs/DeepDriveMD-pipeline/slurm-18758-single.out
DeepDriveMD-pipeline	18765-single	other	unknown	runs/DeepDriveMD-pipeline/slurm-18765-single.out
DeepDriveMD-pipeline	18772-single	other	unknown	runs/DeepDriveMD-pipeline/slurm-18772-single.out
DeepDriveMD-pipeline	18774-single	other	unknown	runs/DeepDriveMD-pipeline/slurm-18774-single.out
DeepDriveMD-pipeline	18775-4node	other	unknown	runs/DeepDriveMD-pipeline/slurm-18775-4node.out
DeepDriveMD-pipeline	18776-4node	other	unknown	runs/DeepDriveMD-pipeline/slurm-18776-4node.out
DeepDriveMD-pipeline	18778-4node	other	unknown	runs/DeepDriveMD-pipeline/slurm-18778-4node.out
DeepDriveMD-pipeline	18963-4node-profiled	trace	unknown	runs/DeepDriveMD-pipeline/slurm-18963-4node-profiled.out
DeepDriveMD-pipeline	19020-4node-profiled	trace	unknown	runs/DeepDriveMD-pipeline/slurm-19020-4node-profiled.out
DeepDriveMD-pipeline	19099-4node-profiled	trace	unknown	runs/DeepDriveMD-pipeline/slurm-19099-4node-profiled.out
DeepDriveMD-pipeline	19215-4node-profiled	trace	unknown	runs/DeepDriveMD-pipeline/slurm-19215-4node-profiled.out
DeepDriveMD-pipeline	19327-4node-profiled	trace	unknown	runs/DeepDriveMD-pipeline/slurm-19327-4node-profiled.out
Montage	18803-single	other	unknown	runs/Montage/slurm-18803-single.out
Montage	18964-single	other	fail	runs/Montage/slurm-18964-single.out
Montage	18969-4node	other	fail	runs/Montage/slurm-18969-4node.out
Montage	19018-4node-profiled	trace	unknown	runs/Montage/slurm-19018-4node-profiled.out
Montage	19055-4node-profiled	trace	pass	runs/Montage/slurm-19055-4node-profiled.out
PtychoNN	18902-single	other	unknown	runs/PtychoNN/slurm-18902-single.out
PtychoNN	18996-4node	other	unknown	runs/PtychoNN/slurm-18996-4node.out
PtychoNN	19052-4node-profiled	trace	fail	runs/PtychoNN/slurm-19052-4node-profiled.out
PtychoNN	19082-4node-profiled	trace	pass	runs/PtychoNN/slurm-19082-4node-profiled.out
PyFLEXTRKR	18907-single	other	unknown	runs/PyFLEXTRKR/slurm-18907-single.out
PyFLEXTRKR	18909-single	other	unknown	runs/PyFLEXTRKR/slurm-18909-single.out
PyFLEXTRKR	18949-single	other	unknown	runs/PyFLEXTRKR/slurm-18949-single.out
PyFLEXTRKR	18951-4node	other	unknown	runs/PyFLEXTRKR/slurm-18951-4node.out
PyFLEXTRKR	19000-4node	other	unknown	runs/PyFLEXTRKR/slurm-19000-4node.out
PyFLEXTRKR	19098-4node-profiled	trace	unknown	runs/PyFLEXTRKR/slurm-19098-4node-profiled.out
PyFLEXTRKR	19202-4node-profiled	trace	unknown	runs/PyFLEXTRKR/slurm-19202-4node-profiled.out
PyFLEXTRKR	19324-4node-profiled	trace	unknown	runs/PyFLEXTRKR/slurm-19324-4node-profiled.out
V-pipe	18958-single	other	unknown	runs/V-pipe/slurm-18958-single.out
V-pipe	19151-single	other	unknown	runs/V-pipe/slurm-19151-single.out
V-pipe	19193-single	other	unknown	runs/V-pipe/slurm-19193-single.out
V-pipe	19227-single	other	unknown	runs/V-pipe/slurm-19227-single.out
V-pipe	19273-single	other	unknown	runs/V-pipe/slurm-19273-single.out
V-pipe	19652-single	other	unknown	runs/V-pipe/slurm-19652-single.out
biobb_wf_md_setup	18324-single	other	unknown	runs/biobb_wf_md_setup/slurm-18324-single.out
biobb_wf_md_setup	18330-single	other	unknown	runs/biobb_wf_md_setup/slurm-18330-single.out
biobb_wf_md_setup	18356-4node	other	unknown	runs/biobb_wf_md_setup/slurm-18356-4node.out
biobb_wf_md_setup	18381-4node	other	unknown	runs/biobb_wf_md_setup/slurm-18381-4node.out
biobb_wf_md_setup	18451-4node	other	unknown	runs/biobb_wf_md_setup/slurm-18451-4node.out
biobb_wf_md_setup	18614-4node-profiled	trace	unknown	runs/biobb_wf_md_setup/slurm-18614-4node-profiled.out
biobb_wf_md_setup	18962-4node-profiled	trace	unknown	runs/biobb_wf_md_setup/slurm-18962-4node-profiled.out
biobb_wf_md_setup	19081-4node-profiled	trace	unknown	runs/biobb_wf_md_setup/slurm-19081-4node-profiled.out
biobb_wf_md_setup	19148-4node-profiled	trace	unknown	runs/biobb_wf_md_setup/slurm-19148-4node-profiled.out
biobb_wf_md_setup	19230-4node-profiled	trace	unknown	runs/biobb_wf_md_setup/slurm-19230-4node-profiled.out
chipseq	18641-single	other	unknown	runs/chipseq/slurm-18641-single.out
chipseq	18728-single	other	unknown	runs/chipseq/slurm-18728-single.out
chipseq	18737-single	other	unknown	runs/chipseq/slurm-18737-single.out
chipseq	18771-single	other	unknown	runs/chipseq/slurm-18771-single.out
chipseq	18773-single	other	unknown	runs/chipseq/slurm-18773-single.out
chipseq	18780-single	other	unknown	runs/chipseq/slurm-18780-single.out
chipseq	18968-single	other	unknown	runs/chipseq/slurm-18968-single.out
chipseq	19157-single	other	unknown	runs/chipseq/slurm-19157-single.out
chipseq	19194-single	other	unknown	runs/chipseq/slurm-19194-single.out
chipseq	19298-single	other	unknown	runs/chipseq/slurm-19298-single.out
chipseq	19543-single	other	unknown	runs/chipseq/slurm-19543-single.out
chipseq	19642-single	other	unknown	runs/chipseq/slurm-19642-single.out
chipseq	19707-single	other	unknown	runs/chipseq/slurm-19707-single.out
chipseq	19839-single	other	unknown	runs/chipseq/slurm-19839-single.out
chipseq	19971-single	other	unknown	runs/chipseq/slurm-19971-single.out
dna-seq-gatk-variant-calling	18966-single	other	unknown	runs/dna-seq-gatk-variant-calling/slurm-18966-single.out
dna-seq-gatk-variant-calling	19022-single	other	unknown	runs/dna-seq-gatk-variant-calling/slurm-19022-single.out
dna-seq-gatk-variant-calling	19058-single	other	unknown	runs/dna-seq-gatk-variant-calling/slurm-19058-single.out
dna-seq-gatk-variant-calling	19102-single	other	unknown	runs/dna-seq-gatk-variant-calling/slurm-19102-single.out
dna-seq-gatk-variant-calling	19210-single	other	unknown	runs/dna-seq-gatk-variant-calling/slurm-19210-single.out
dna-seq-gatk-variant-calling	19270-single	other	unknown	runs/dna-seq-gatk-variant-calling/slurm-19270-single.out
dna-seq-gatk-variant-calling	19333-single	other	unknown	runs/dna-seq-gatk-variant-calling/slurm-19333-single.out
dna-seq-gatk-variant-calling	19394-single	other	unknown	runs/dna-seq-gatk-variant-calling/slurm-19394-single.out
dna-seq-gatk-variant-calling	19547-single	other	unknown	runs/dna-seq-gatk-variant-calling/slurm-19547-single.out
dna-seq-gatk-variant-calling	19727-single	other	unknown	runs/dna-seq-gatk-variant-calling/slurm-19727-single.out
dna-seq-gatk-variant-calling	19728-4node	other	unknown	runs/dna-seq-gatk-variant-calling/slurm-19728-4node.out
dna-seq-varlociraptor	18967-single	other	unknown	runs/dna-seq-varlociraptor/slurm-18967-single.out
dna-seq-varlociraptor	19023-single	other	unknown	runs/dna-seq-varlociraptor/slurm-19023-single.out
dna-seq-varlociraptor	19211-single	other	unknown	runs/dna-seq-varlociraptor/slurm-19211-single.out
dna-seq-varlociraptor	19263-single	other	unknown	runs/dna-seq-varlociraptor/slurm-19263-single.out
dna-seq-varlociraptor	19287-4node	other	unknown	runs/dna-seq-varlociraptor/slurm-19287-4node.out
dna-seq-varlociraptor	19531-4node-profiled	trace	unknown	runs/dna-seq-varlociraptor/slurm-19531-4node-profiled.out
iwc	18960	other	fail	runs/iwc/slurm-18960.out
iwc	19154	other	fail	runs/iwc/slurm-19154.out
iwc	19331	other	pass	runs/iwc/slurm-19331.out
iwc	19533-4node	other	unknown	runs/iwc/slurm-19533-4node.out
lammps	18961-build	other	unknown	runs/lammps/slurm-18961-build.out
lammps	19017-single	other	unknown	runs/lammps/slurm-19017-single.out
lammps	19054-single	other	unknown	runs/lammps/slurm-19054-single.out
lammps	19083-single	other	unknown	runs/lammps/slurm-19083-single.out
lammps	19111-4node	other	unknown	runs/lammps/slurm-19111-4node.out
lammps	19164-4node	other	unknown	runs/lammps/slurm-19164-4node.out
lammps	19228-4node	other	unknown	runs/lammps/slurm-19228-4node.out
lammps	19329-4node	other	unknown	runs/lammps/slurm-19329-4node.out
metaGEM	18965-single	other	unknown	runs/metaGEM/slurm-18965-single.out
metaGEM	19024-single	other	unknown	runs/metaGEM/slurm-19024-single.out
metaGEM	19085-single	other	unknown	runs/metaGEM/slurm-19085-single.out
metaGEM	19113-single	other	unknown	runs/metaGEM/slurm-19113-single.out
metaGEM	19317-single	other	unknown	runs/metaGEM/slurm-19317-single.out
metaGEM	19758-single	other	unknown	runs/metaGEM/slurm-19758-single.out
metaGEM	19863-single	other	unknown	runs/metaGEM/slurm-19863-single.out
metaGEM	19864-4node	other	unknown	runs/metaGEM/slurm-19864-4node.out
nf-core_airrflow	18971-single	other	fail	runs/nf-core_airrflow/slurm-18971-single.out
nf-core_airrflow	19025-single	other	fail	runs/nf-core_airrflow/slurm-19025-single.out
nf-core_airrflow	19059-single	other	unknown	runs/nf-core_airrflow/slurm-19059-single.out
nf-core_airrflow	19088-single	other	unknown	runs/nf-core_airrflow/slurm-19088-single.out
nf-core_airrflow	19146-single	other	unknown	runs/nf-core_airrflow/slurm-19146-single.out
nf-core_airrflow	19203-single	other	pass	runs/nf-core_airrflow/slurm-19203-single.out
nf-core_airrflow	19232-single	other	fail	runs/nf-core_airrflow/slurm-19232-single.out
nf-core_airrflow	19274-single	other	pass	runs/nf-core_airrflow/slurm-19274-single.out
nf-core_airrflow	19337-single	other	pass	runs/nf-core_airrflow/slurm-19337-single.out
nf-core_airrflow	19382-single	other	pass	runs/nf-core_airrflow/slurm-19382-single.out
nf-core_airrflow	19413-single	other	pass	runs/nf-core_airrflow/slurm-19413-single.out
nf-core_airrflow	19582-single	other	pass	runs/nf-core_airrflow/slurm-19582-single.out
nf-core_airrflow	19682-single	other	pass	runs/nf-core_airrflow/slurm-19682-single.out
nf-core_airrflow	19812-single	other	pass	runs/nf-core_airrflow/slurm-19812-single.out
nf-core_airrflow	19962-single	other	unknown	runs/nf-core_airrflow/slurm-19962-single.out
nf-core_ampliseq	18972-single	other	fail	runs/nf-core_ampliseq/slurm-18972-single.out
nf-core_ampliseq	19026-single	other	pass	runs/nf-core_ampliseq/slurm-19026-single.out
nf-core_ampliseq	19084-single	other	pass	runs/nf-core_ampliseq/slurm-19084-single.out
nf-core_ampliseq	19152-single	other	fail	runs/nf-core_ampliseq/slurm-19152-single.out
nf-core_ampliseq	19180-single	other	pass	runs/nf-core_ampliseq/slurm-19180-single.out
nf-core_ampliseq	19233-single	other	fail	runs/nf-core_ampliseq/slurm-19233-single.out
nf-core_ampliseq	19290-single	other	pass	runs/nf-core_ampliseq/slurm-19290-single.out
nf-core_ampliseq	19341-single	other	pass	runs/nf-core_ampliseq/slurm-19341-single.out
nf-core_ampliseq	19377-single	other	pass	runs/nf-core_ampliseq/slurm-19377-single.out
nf-core_ampliseq	19399-single	other	pass	runs/nf-core_ampliseq/slurm-19399-single.out
nf-core_ampliseq	19562-single	other	pass	runs/nf-core_ampliseq/slurm-19562-single.out
nf-core_ampliseq	19755-single	other	pass	runs/nf-core_ampliseq/slurm-19755-single.out
nf-core_ampliseq	19873-single	other	pass	runs/nf-core_ampliseq/slurm-19873-single.out
nf-core_atacseq	18973-single	other	fail	runs/nf-core_atacseq/slurm-18973-single.out
nf-core_atacseq	19027-single	other	fail	runs/nf-core_atacseq/slurm-19027-single.out
nf-core_atacseq	19060-single	other	pass	runs/nf-core_atacseq/slurm-19060-single.out
nf-core_atacseq	19103-single	other	unknown	runs/nf-core_atacseq/slurm-19103-single.out
nf-core_atacseq	19217-single	other	pass	runs/nf-core_atacseq/slurm-19217-single.out
nf-core_atacseq	19267-single	other	pass	runs/nf-core_atacseq/slurm-19267-single.out
nf-core_atacseq	19291-single	other	fail	runs/nf-core_atacseq/slurm-19291-single.out
nf-core_atacseq	19339-single	other	pass	runs/nf-core_atacseq/slurm-19339-single.out
nf-core_atacseq	19376-single	other	pass	runs/nf-core_atacseq/slurm-19376-single.out
nf-core_atacseq	19406-single	other	pass	runs/nf-core_atacseq/slurm-19406-single.out
nf-core_atacseq	19572-single	other	pass	runs/nf-core_atacseq/slurm-19572-single.out
nf-core_atacseq	19794-single	other	fail	runs/nf-core_atacseq/slurm-19794-single.out
nf-core_atacseq	20022-single	other	fail	runs/nf-core_atacseq/slurm-20022-single.out
nf-core_bacass	18974-single	other	fail	runs/nf-core_bacass/slurm-18974-single.out
nf-core_bacass	19028-single	other	fail	runs/nf-core_bacass/slurm-19028-single.out
nf-core_bacass	19061-single	other	unknown	runs/nf-core_bacass/slurm-19061-single.out
nf-core_bacass	19089-single	other	pass	runs/nf-core_bacass/slurm-19089-single.out
nf-core_bacass	19118-single	other	unknown	runs/nf-core_bacass/slurm-19118-single.out
nf-core_bacass	19307-single	other	fail	runs/nf-core_bacass/slurm-19307-single.out
nf-core_bacass	19387-single	other	pass	runs/nf-core_bacass/slurm-19387-single.out
nf-core_bacass	19550-single	other	pass	runs/nf-core_bacass/slurm-19550-single.out
nf-core_bacass	19752-single	other	pass	runs/nf-core_bacass/slurm-19752-single.out
nf-core_bacass	20013-single	other	pass	runs/nf-core_bacass/slurm-20013-single.out
nf-core_circdna	18975-single	other	fail	runs/nf-core_circdna/slurm-18975-single.out
nf-core_circdna	19029-single	other	fail	runs/nf-core_circdna/slurm-19029-single.out
nf-core_circdna	19063-single	other	fail	runs/nf-core_circdna/slurm-19063-single.out
nf-core_circdna	19090-single	other	pass	runs/nf-core_circdna/slurm-19090-single.out
nf-core_circdna	19149-single	other	pass	runs/nf-core_circdna/slurm-19149-single.out
nf-core_circdna	19218-single	other	pass	runs/nf-core_circdna/slurm-19218-single.out
nf-core_circdna	19276-single	other	pass	runs/nf-core_circdna/slurm-19276-single.out
nf-core_circdna	19345-single	other	pass	runs/nf-core_circdna/slurm-19345-single.out
nf-core_circdna	19448-single	other	pass	runs/nf-core_circdna/slurm-19448-single.out
nf-core_circdna	19645-single	other	pass	runs/nf-core_circdna/slurm-19645-single.out
nf-core_circdna	19879-single	other	pass	runs/nf-core_circdna/slurm-19879-single.out
nf-core_clipseq	18976-single	other	fail	runs/nf-core_clipseq/slurm-18976-single.out
nf-core_clipseq	19030-single	other	fail	runs/nf-core_clipseq/slurm-19030-single.out
nf-core_clipseq	19064-single	other	fail	runs/nf-core_clipseq/slurm-19064-single.out
nf-core_clipseq	19086-single	other	pass	runs/nf-core_clipseq/slurm-19086-single.out
nf-core_clipseq	19150-single	other	fail	runs/nf-core_clipseq/slurm-19150-single.out
nf-core_clipseq	19192-single	other	pass	runs/nf-core_clipseq/slurm-19192-single.out
nf-core_clipseq	19240-single	other	unknown	runs/nf-core_clipseq/slurm-19240-single.out
nf-core_clipseq	19338-single	other	unknown	runs/nf-core_clipseq/slurm-19338-single.out
nf-core_clipseq	19591-single	other	pass	runs/nf-core_clipseq/slurm-19591-single.out
nf-core_clipseq	19882-single	other	unknown	runs/nf-core_clipseq/slurm-19882-single.out
nf-core_createtaxdb	18977-single	other	fail	runs/nf-core_createtaxdb/slurm-18977-single.out
nf-core_createtaxdb	19031-single	other	fail	runs/nf-core_createtaxdb/slurm-19031-single.out
nf-core_createtaxdb	19091-single	other	fail	runs/nf-core_createtaxdb/slurm-19091-single.out
nf-core_createtaxdb	19235-single	other	fail	runs/nf-core_createtaxdb/slurm-19235-single.out
nf-core_createtaxdb	19277-single	other	pass	runs/nf-core_createtaxdb/slurm-19277-single.out
nf-core_createtaxdb	19348-single	other	pass	runs/nf-core_createtaxdb/slurm-19348-single.out
nf-core_createtaxdb	19537-single	other	pass	runs/nf-core_createtaxdb/slurm-19537-single.out
nf-core_createtaxdb	19983-single	other	fail	runs/nf-core_createtaxdb/slurm-19983-single.out
nf-core_cutandrun	18978-single	other	fail	runs/nf-core_cutandrun/slurm-18978-single.out
nf-core_cutandrun	19032-single	other	fail	runs/nf-core_cutandrun/slurm-19032-single.out
nf-core_cutandrun	19065-single	other	fail	runs/nf-core_cutandrun/slurm-19065-single.out
nf-core_cutandrun	19092-single	other	fail	runs/nf-core_cutandrun/slurm-19092-single.out
nf-core_cutandrun	19120-single	other	fail	runs/nf-core_cutandrun/slurm-19120-single.out
nf-core_cutandrun	19212-single	other	pass	runs/nf-core_cutandrun/slurm-19212-single.out
nf-core_cutandrun	19268-single	other	pass	runs/nf-core_cutandrun/slurm-19268-single.out
nf-core_cutandrun	19319-single	other	pass	runs/nf-core_cutandrun/slurm-19319-single.out
nf-core_cutandrun	19408-single	other	pass	runs/nf-core_cutandrun/slurm-19408-single.out
nf-core_cutandrun	19980-single	other	fail	runs/nf-core_cutandrun/slurm-19980-single.out
nf-core_deepvariant	18979-single	other	fail	runs/nf-core_deepvariant/slurm-18979-single.out
nf-core_deepvariant	19351-single	other	fail	runs/nf-core_deepvariant/slurm-19351-single.out
nf-core_deepvariant	19409-single	other	fail	runs/nf-core_deepvariant/slurm-19409-single.out
nf-core_deepvariant	19658-single	other	unknown	runs/nf-core_deepvariant/slurm-19658-single.out
nf-core_deepvariant	19830-single	other	fail	runs/nf-core_deepvariant/slurm-19830-single.out
nf-core_deepvariant	19940-single	other	fail	runs/nf-core_deepvariant/slurm-19940-single.out
nf-core_demultiplex	18980-single	other	unknown	runs/nf-core_demultiplex/slurm-18980-single.out
nf-core_demultiplex	19033-single	other	unknown	runs/nf-core_demultiplex/slurm-19033-single.out
nf-core_demultiplex	19067-single	other	unknown	runs/nf-core_demultiplex/slurm-19067-single.out
nf-core_demultiplex	19138-single	other	pass	runs/nf-core_demultiplex/slurm-19138-single.out
nf-core_demultiplex	19204-single	other	pass	runs/nf-core_demultiplex/slurm-19204-single.out
nf-core_demultiplex	19231-single	other	fail	runs/nf-core_demultiplex/slurm-19231-single.out
nf-core_demultiplex	19275-single	other	pass	runs/nf-core_demultiplex/slurm-19275-single.out
nf-core_demultiplex	19332-single	other	pass	runs/nf-core_demultiplex/slurm-19332-single.out
nf-core_demultiplex	19388-single	other	unknown	runs/nf-core_demultiplex/slurm-19388-single.out
nf-core_demultiplex	19417-single	other	pass	runs/nf-core_demultiplex/slurm-19417-single.out
nf-core_demultiplex	20054-single	other	pass	runs/nf-core_demultiplex/slurm-20054-single.out
nf-core_detaxizer	18981-single	other	unknown	runs/nf-core_detaxizer/slurm-18981-single.out
nf-core_detaxizer	19034-single	other	unknown	runs/nf-core_detaxizer/slurm-19034-single.out
nf-core_detaxizer	19068-single	other	unknown	runs/nf-core_detaxizer/slurm-19068-single.out
nf-core_detaxizer	19139-single	other	fail	runs/nf-core_detaxizer/slurm-19139-single.out
nf-core_detaxizer	19174-single	other	unknown	runs/nf-core_detaxizer/slurm-19174-single.out
nf-core_detaxizer	19655-single	other	fail	runs/nf-core_detaxizer/slurm-19655-single.out
nf-core_detaxizer	20025-single	other	fail	runs/nf-core_detaxizer/slurm-20025-single.out
nf-core_differentialabundance	19123-single	other	fail	runs/nf-core_differentialabundance/slurm-19123-single.out
nf-core_differentialabundance	19213-single	other	fail	runs/nf-core_differentialabundance/slurm-19213-single.out
nf-core_differentialabundance	19272-single	other	fail	runs/nf-core_differentialabundance/slurm-19272-single.out
nf-core_differentialabundance	19325-single	other	fail	runs/nf-core_differentialabundance/slurm-19325-single.out
nf-core_differentialabundance	19389-single	other	fail	runs/nf-core_differentialabundance/slurm-19389-single.out
nf-core_differentialabundance	19578-single	other	fail	runs/nf-core_differentialabundance/slurm-19578-single.out
nf-core_differentialabundance	19894-single	other	unknown	runs/nf-core_differentialabundance/slurm-19894-single.out
nf-core_dualrnaseq	19155-single	other	fail	runs/nf-core_dualrnaseq/slurm-19155-single.out
nf-core_dualrnaseq	19195-single	other	fail	runs/nf-core_dualrnaseq/slurm-19195-single.out
nf-core_dualrnaseq	19234-single	other	unknown	runs/nf-core_dualrnaseq/slurm-19234-single.out
nf-core_dualrnaseq	19278-single	other	pass	runs/nf-core_dualrnaseq/slurm-19278-single.out
nf-core_dualrnaseq	19540-single	other	unknown	runs/nf-core_dualrnaseq/slurm-19540-single.out
nf-core_dualrnaseq	19782-single	other	unknown	runs/nf-core_dualrnaseq/slurm-19782-single.out
nf-core_dualrnaseq	19943-single	other	pass	runs/nf-core_dualrnaseq/slurm-19943-single.out
nf-core_eager	18959-single	other	pass	runs/nf-core_eager/slurm-18959-single.out
nf-core_eager	19116-single	other	unknown	runs/nf-core_eager/slurm-19116-single.out
nf-core_eager	19225-single	other	pass	runs/nf-core_eager/slurm-19225-single.out
nf-core_eager	19281-single	other	pass	runs/nf-core_eager/slurm-19281-single.out
nf-core_eager	19344-envprep	other	fail	runs/nf-core_eager/slurm-19344-envprep.out
nf-core_eager	19451-single	other	fail	runs/nf-core_eager/slurm-19451-single.out
nf-core_eager	19605-single	other	pass	runs/nf-core_eager/slurm-19605-single.out
nf-core_eager	20010-single	other	pass	runs/nf-core_eager/slurm-20010-single.out
nf-core_fetchngs	18982-single	other	fail	runs/nf-core_fetchngs/slurm-18982-single.out
nf-core_fetchngs	19035-single	other	unknown	runs/nf-core_fetchngs/slurm-19035-single.out
nf-core_fetchngs	19069-single	other	pass	runs/nf-core_fetchngs/slurm-19069-single.out
nf-core_fetchngs	19087-single	other	unknown	runs/nf-core_fetchngs/slurm-19087-single.out
nf-core_fetchngs	19145-single	other	fail	runs/nf-core_fetchngs/slurm-19145-single.out
nf-core_fetchngs	19178-single	other	pass	runs/nf-core_fetchngs/slurm-19178-single.out
nf-core_fetchngs	19347-single	other	unknown	runs/nf-core_fetchngs/slurm-19347-single.out
nf-core_fetchngs	19400-single	other	fail	runs/nf-core_fetchngs/slurm-19400-single.out
nf-core_fetchngs	19977-single	other	pass	runs/nf-core_fetchngs/slurm-19977-single.out
nf-core_funcscan	18983-single	other	unknown	runs/nf-core_funcscan/slurm-18983-single.out
nf-core_funcscan	19036-single	other	unknown	runs/nf-core_funcscan/slurm-19036-single.out
nf-core_funcscan	19070-single	other	fail	runs/nf-core_funcscan/slurm-19070-single.out
nf-core_funcscan	19115-single	other	fail	runs/nf-core_funcscan/slurm-19115-single.out
nf-core_funcscan	19170-single	other	fail	runs/nf-core_funcscan/slurm-19170-single.out
nf-core_funcscan	19205-single	other	pass	runs/nf-core_funcscan/slurm-19205-single.out
nf-core_funcscan	19271-single	other	pass	runs/nf-core_funcscan/slurm-19271-single.out
nf-core_funcscan	19320-single	other	fail	runs/nf-core_funcscan/slurm-19320-single.out
nf-core_funcscan	19553-single	other	pass	runs/nf-core_funcscan/slurm-19553-single.out
nf-core_funcscan	19946-single	other	pass	runs/nf-core_funcscan/slurm-19946-single.out
nf-core_genomeqc	18984-single	other	unknown	runs/nf-core_genomeqc/slurm-18984-single.out
nf-core_genomeqc	19037-single	other	unknown	runs/nf-core_genomeqc/slurm-19037-single.out
nf-core_genomeqc	19071-single	other	unknown	runs/nf-core_genomeqc/slurm-19071-single.out
nf-core_genomeqc	19140-single	other	pass	runs/nf-core_genomeqc/slurm-19140-single.out
nf-core_genomeqc	19219-single	other	pass	runs/nf-core_genomeqc/slurm-19219-single.out
nf-core_genomeqc	19269-single	other	pass	runs/nf-core_genomeqc/slurm-19269-single.out
nf-core_genomeqc	19402-single	other	fail	runs/nf-core_genomeqc/slurm-19402-single.out
nf-core_genomeqc	20016-single	other	pass	runs/nf-core_genomeqc/slurm-20016-single.out
nf-core_hic	18985-single	other	fail	runs/nf-core_hic/slurm-18985-single.out
nf-core_hic	19038-single	other	unknown	runs/nf-core_hic/slurm-19038-single.out
nf-core_hic	19072-single	other	unknown	runs/nf-core_hic/slurm-19072-single.out
nf-core_hic	19141-single	other	fail	runs/nf-core_hic/slurm-19141-single.out
nf-core_hic	19175-single	other	fail	runs/nf-core_hic/slurm-19175-single.out
nf-core_hic	19286-single	other	pass	runs/nf-core_hic/slurm-19286-single.out
nf-core_hic	19374-single	other	pass	runs/nf-core_hic/slurm-19374-single.out
nf-core_hic	20028-single	other	unknown	runs/nf-core_hic/slurm-20028-single.out
nf-core_mag	18986-single	other	unknown	runs/nf-core_mag/slurm-18986-single.out
nf-core_mag	19039-single	other	unknown	runs/nf-core_mag/slurm-19039-single.out
nf-core_mag	19073-single	other	unknown	runs/nf-core_mag/slurm-19073-single.out
nf-core_mag	19142-single	other	pass	runs/nf-core_mag/slurm-19142-single.out
nf-core_mag	19403-single	other	pass	runs/nf-core_mag/slurm-19403-single.out
nf-core_mag	20031-single	other	pass	runs/nf-core_mag/slurm-20031-single.out
nf-core_methylseq	18987-single	other	unknown	runs/nf-core_methylseq/slurm-18987-single.out
nf-core_methylseq	19040-single	other	unknown	runs/nf-core_methylseq/slurm-19040-single.out
nf-core_methylseq	19074-single	other	unknown	runs/nf-core_methylseq/slurm-19074-single.out
nf-core_methylseq	19143-single	other	fail	runs/nf-core_methylseq/slurm-19143-single.out
nf-core_methylseq	19176-single	other	pass	runs/nf-core_methylseq/slurm-19176-single.out
nf-core_methylseq	19289-single	other	fail	runs/nf-core_methylseq/slurm-19289-single.out
nf-core_methylseq	19340-single	other	fail	runs/nf-core_methylseq/slurm-19340-single.out
nf-core_methylseq	19378-single	other	unknown	runs/nf-core_methylseq/slurm-19378-single.out
nf-core_methylseq	20034-single	other	unknown	runs/nf-core_methylseq/slurm-20034-single.out
nf-core_mhcquant	18988-single	other	unknown	runs/nf-core_mhcquant/slurm-18988-single.out
nf-core_mhcquant	19041-single	other	unknown	runs/nf-core_mhcquant/slurm-19041-single.out
nf-core_mhcquant	19075-single	other	fail	runs/nf-core_mhcquant/slurm-19075-single.out
nf-core_mhcquant	19108-single	other	unknown	runs/nf-core_mhcquant/slurm-19108-single.out
nf-core_mhcquant	19315-single	other	fail	runs/nf-core_mhcquant/slurm-19315-single.out
nf-core_mhcquant	19676-single	other	pass	runs/nf-core_mhcquant/slurm-19676-single.out
nf-core_mhcquant	20037-single	other	pass	runs/nf-core_mhcquant/slurm-20037-single.out
nf-core_nascent	18823-single	other	unknown	runs/nf-core_nascent/slurm-18823-single.out
nf-core_nascent	18989-single	other	fail	runs/nf-core_nascent/slurm-18989-single.out
nf-core_nascent	19042-single	other	fail	runs/nf-core_nascent/slurm-19042-single.out
nf-core_nascent	19066-single	other	fail	runs/nf-core_nascent/slurm-19066-single.out
nf-core_nascent	19104-single	other	unknown	runs/nf-core_nascent/slurm-19104-single.out
nf-core_nascent	19316-single	other	unknown	runs/nf-core_nascent/slurm-19316-single.out
nf-core_nascent	19556-single	other	fail	runs/nf-core_nascent/slurm-19556-single.out
nf-core_nascent	20001-single	other	pass	runs/nf-core_nascent/slurm-20001-single.out
nf-core_pathogensurveillance	18990-single	other	unknown	runs/nf-core_pathogensurveillance/slurm-18990-single.out
nf-core_pathogensurveillance	19043-single	other	unknown	runs/nf-core_pathogensurveillance/slurm-19043-single.out
nf-core_pathogensurveillance	19076-single	other	pass	runs/nf-core_pathogensurveillance/slurm-19076-single.out
nf-core_pathogensurveillance	19109-single	other	pass	runs/nf-core_pathogensurveillance/slurm-19109-single.out
nf-core_pathogensurveillance	19262-single	other	pass	runs/nf-core_pathogensurveillance/slurm-19262-single.out
nf-core_pathogensurveillance	19404-single	other	pass	runs/nf-core_pathogensurveillance/slurm-19404-single.out
nf-core_pathogensurveillance	19575-single	other	fail	runs/nf-core_pathogensurveillance/slurm-19575-single.out
nf-core_pathogensurveillance	19672-single	other	pass	runs/nf-core_pathogensurveillance/slurm-19672-single.out
nf-core_pathogensurveillance	19918-single	other	pass	runs/nf-core_pathogensurveillance/slurm-19918-single.out
nf-core_proteinfold	18991-single	other	fail	runs/nf-core_proteinfold/slurm-18991-single.out
nf-core_proteinfold	19044-single	other	fail	runs/nf-core_proteinfold/slurm-19044-single.out
nf-core_proteinfold	19093-single	other	unknown	runs/nf-core_proteinfold/slurm-19093-single.out
nf-core_proteinfold	19121-single	other	unknown	runs/nf-core_proteinfold/slurm-19121-single.out
nf-core_proteinfold	19172-single	other	pass	runs/nf-core_proteinfold/slurm-19172-single.out
nf-core_proteinfold	19207-single	other	pass	runs/nf-core_proteinfold/slurm-19207-single.out
nf-core_proteinfold	19239-single	other	fail	runs/nf-core_proteinfold/slurm-19239-single.out
nf-core_proteinfold	19334-single	other	pass	runs/nf-core_proteinfold/slurm-19334-single.out
nf-core_proteinfold	19381-single	other	pass	runs/nf-core_proteinfold/slurm-19381-single.out
nf-core_proteinfold	19410-single	other	fail	runs/nf-core_proteinfold/slurm-19410-single.out
nf-core_proteinfold	19596-single	other	pass	runs/nf-core_proteinfold/slurm-19596-single.out
nf-core_proteinfold	19921-single	other	pass	runs/nf-core_proteinfold/slurm-19921-single.out
nf-core_quantms	18992-single	other	fail	runs/nf-core_quantms/slurm-18992-single.out
nf-core_quantms	19045-single	other	unknown	runs/nf-core_quantms/slurm-19045-single.out
nf-core_quantms	19077-single	other	fail	runs/nf-core_quantms/slurm-19077-single.out
nf-core_quantms	19110-single	other	unknown	runs/nf-core_quantms/slurm-19110-single.out
nf-core_quantms	19169-single	other	fail	runs/nf-core_quantms/slurm-19169-single.out
nf-core_quantms	19208-single	other	fail	runs/nf-core_quantms/slurm-19208-single.out
nf-core_quantms	19264-single	other	pass	runs/nf-core_quantms/slurm-19264-single.out
nf-core_quantms	19288-single	other	pass	runs/nf-core_quantms/slurm-19288-single.out
nf-core_quantms	19343-single	other	pass	runs/nf-core_quantms/slurm-19343-single.out
nf-core_quantms	19405-single	other	fail	runs/nf-core_quantms/slurm-19405-single.out
nf-core_quantms	19565-single	other	pass	runs/nf-core_quantms/slurm-19565-single.out
nf-core_quantms	19695-single	other	pass	runs/nf-core_quantms/slurm-19695-single.out
nf-core_quantms	19950-single	other	pass	runs/nf-core_quantms/slurm-19950-single.out
nf-core_rnaseq	18993-single	other	unknown	runs/nf-core_rnaseq/slurm-18993-single.out
nf-core_rnaseq	19046-single	other	unknown	runs/nf-core_rnaseq/slurm-19046-single.out
nf-core_rnaseq	19078-single	other	unknown	runs/nf-core_rnaseq/slurm-19078-single.out
nf-core_rnaseq	19144-single	other	fail	runs/nf-core_rnaseq/slurm-19144-single.out
nf-core_rnaseq	19177-single	other	unknown	runs/nf-core_rnaseq/slurm-19177-single.out
nf-core_rnaseq	19666-single	other	unknown	runs/nf-core_rnaseq/slurm-19666-single.out
nf-core_rnaseq	20040-single	other	pass	runs/nf-core_rnaseq/slurm-20040-single.out
nf-core_sarek	18832-single	other	fail	runs/nf-core_sarek/slurm-18832-single.out
nf-core_sarek	19094-single	other	fail	runs/nf-core_sarek/slurm-19094-single.out
nf-core_sarek	19128-single	other	unknown	runs/nf-core_sarek/slurm-19128-single.out
nf-core_sarek	19214-single	other	pass	runs/nf-core_sarek/slurm-19214-single.out
nf-core_sarek	19266-single	other	pass	runs/nf-core_sarek/slurm-19266-single.out
nf-core_sarek	19797-single	other	unknown	runs/nf-core_sarek/slurm-19797-single.out
nf-core_sarek	20043-single	other	pass	runs/nf-core_sarek/slurm-20043-single.out
nf-core_scnanoseq	18833-single	other	unknown	runs/nf-core_scnanoseq/slurm-18833-single.out
nf-core_scnanoseq	18834-single	other	unknown	runs/nf-core_scnanoseq/slurm-18834-single.out
nf-core_scnanoseq	19002-single	other	fail	runs/nf-core_scnanoseq/slurm-19002-single.out
nf-core_scnanoseq	19049-single	other	pass	runs/nf-core_scnanoseq/slurm-19049-single.out
nf-core_scnanoseq	19107-single	other	fail	runs/nf-core_scnanoseq/slurm-19107-single.out
nf-core_scnanoseq	19209-single	other	unknown	runs/nf-core_scnanoseq/slurm-19209-single.out
nf-core_scnanoseq	19930-single	other	unknown	runs/nf-core_scnanoseq/slurm-19930-single.out
nf-core_scrnaseq	18835-single	other	fail	runs/nf-core_scrnaseq/slurm-18835-single.out
nf-core_scrnaseq	18837-single	other	fail	runs/nf-core_scrnaseq/slurm-18837-single.out
nf-core_scrnaseq	18840-single	other	unknown	runs/nf-core_scrnaseq/slurm-18840-single.out
nf-core_scrnaseq	19004-single	other	unknown	runs/nf-core_scrnaseq/slurm-19004-single.out
nf-core_scrnaseq	19136-single	other	unknown	runs/nf-core_scrnaseq/slurm-19136-single.out
nf-core_scrnaseq	19648-single	other	pass	runs/nf-core_scrnaseq/slurm-19648-single.out
nf-core_scrnaseq	19953-single	other	pass	runs/nf-core_scrnaseq/slurm-19953-single.out
nf-core_smrnaseq	18836-single	other	pass	runs/nf-core_smrnaseq/slurm-18836-single.out
nf-core_smrnaseq	19003-single	other	fail	runs/nf-core_smrnaseq/slurm-19003-single.out
nf-core_smrnaseq	19050-single	other	unknown	runs/nf-core_smrnaseq/slurm-19050-single.out
nf-core_smrnaseq	19137-single	other	fail	runs/nf-core_smrnaseq/slurm-19137-single.out
nf-core_smrnaseq	19173-single	other	pass	runs/nf-core_smrnaseq/slurm-19173-single.out
nf-core_smrnaseq	19285-single	other	pass	runs/nf-core_smrnaseq/slurm-19285-single.out
nf-core_smrnaseq	19375-single	other	fail	runs/nf-core_smrnaseq/slurm-19375-single.out
nf-core_smrnaseq	19398-single	other	pass	runs/nf-core_smrnaseq/slurm-19398-single.out
nf-core_smrnaseq	19771-single	other	pass	runs/nf-core_smrnaseq/slurm-19771-single.out
nf-core_smrnaseq	20047-single	other	pass	runs/nf-core_smrnaseq/slurm-20047-single.out
nf-core_spatialvi	18838-single	other	pass	runs/nf-core_spatialvi/slurm-18838-single.out
nf-core_spatialvi	18994-single	other	fail	runs/nf-core_spatialvi/slurm-18994-single.out
nf-core_spatialvi	19047-single	other	pass	runs/nf-core_spatialvi/slurm-19047-single.out
nf-core_spatialvi	19119-single	other	fail	runs/nf-core_spatialvi/slurm-19119-single.out
nf-core_spatialvi	19171-single	other	fail	runs/nf-core_spatialvi/slurm-19171-single.out
nf-core_spatialvi	19206-single	other	pass	runs/nf-core_spatialvi/slurm-19206-single.out
nf-core_spatialvi	19237-single	other	fail	runs/nf-core_spatialvi/slurm-19237-single.out
nf-core_spatialvi	19335-single	other	pass	runs/nf-core_spatialvi/slurm-19335-single.out
nf-core_spatialvi	19385-single	other	pass	runs/nf-core_spatialvi/slurm-19385-single.out
nf-core_spatialvi	19415-single	other	pass	runs/nf-core_spatialvi/slurm-19415-single.out
nf-core_spatialvi	19585-single	other	fail	runs/nf-core_spatialvi/slurm-19585-single.out
nf-core_spatialvi	19866-single	other	pass	runs/nf-core_spatialvi/slurm-19866-single.out
nf-core_spatialvi	19989-single	other	pass	runs/nf-core_spatialvi/slurm-19989-single.out
nf-core_taxprofiler	18841-single	other	pass	runs/nf-core_taxprofiler/slurm-18841-single.out
nf-core_taxprofiler	19005-single	other	pass	runs/nf-core_taxprofiler/slurm-19005-single.out
nf-core_taxprofiler	19147-single	other	fail	runs/nf-core_taxprofiler/slurm-19147-single.out
nf-core_taxprofiler	19179-single	other	fail	runs/nf-core_taxprofiler/slurm-19179-single.out
nf-core_taxprofiler	19261-single	other	pass	runs/nf-core_taxprofiler/slurm-19261-single.out
nf-core_taxprofiler	19974-single	other	pass	runs/nf-core_taxprofiler/slurm-19974-single.out
nf-core_tumourevo	18843-single	other	unknown	runs/nf-core_tumourevo/slurm-18843-single.out
nf-core_tumourevo	19006-single	other	fail	runs/nf-core_tumourevo/slurm-19006-single.out
nf-core_tumourevo	19096-single	other	fail	runs/nf-core_tumourevo/slurm-19096-single.out
nf-core_tumourevo	19223-single	other	fail	runs/nf-core_tumourevo/slurm-19223-single.out
nf-core_tumourevo	19639-single	other	fail	runs/nf-core_tumourevo/slurm-19639-single.out
nf-core_tumourevo	20019-single	other	fail	runs/nf-core_tumourevo/slurm-20019-single.out
nf-core_viralintegration	18846-probe	other	pass	runs/nf-core_viralintegration/slurm-18846-probe.out
nf-core_viralintegration	18995-single	other	fail	runs/nf-core_viralintegration/slurm-18995-single.out
nf-core_viralintegration	19048-single	other	pass	runs/nf-core_viralintegration/slurm-19048-single.out
nf-core_viralintegration	19224-single	other	fail	runs/nf-core_viralintegration/slurm-19224-single.out
nf-core_viralintegration	19336-single	other	pass	runs/nf-core_viralintegration/slurm-19336-single.out
nf-core_viralintegration	19588-single	other	pass	runs/nf-core_viralintegration/slurm-19588-single.out
nf-core_viralintegration	19809-single	other	pass	runs/nf-core_viralintegration/slurm-19809-single.out
nf-core_viralintegration	19965-single	other	unknown	runs/nf-core_viralintegration/slurm-19965-single.out
nf-core_viralrecon	18956-single	other	pass	runs/nf-core_viralrecon/slurm-18956-single.out
nf-core_viralrecon	19097-single	other	pass	runs/nf-core_viralrecon/slurm-19097-single.out
nf-core_viralrecon	19181-single	other	pass	runs/nf-core_viralrecon/slurm-19181-single.out
nf-core_viralrecon	19265-single	other	pass	runs/nf-core_viralrecon/slurm-19265-single.out
nf-core_viralrecon	19318-single	other	pass	runs/nf-core_viralrecon/slurm-19318-single.out
nf-core_viralrecon	19350-single	other	fail	runs/nf-core_viralrecon/slurm-19350-single.out
nf-core_viralrecon	19384-single	other	fail	runs/nf-core_viralrecon/slurm-19384-single.out
nf-core_viralrecon	19449-single	other	fail	runs/nf-core_viralrecon/slurm-19449-single.out
nf-core_viralrecon	19602-single	other	pass	runs/nf-core_viralrecon/slurm-19602-single.out
nf-core_viralrecon	20050-single	other	pass	runs/nf-core_viralrecon/slurm-20050-single.out
nwchem	18896-single	other	unknown	runs/nwchem/slurm-18896-single.out
nwchem	18948-4node	other	unknown	runs/nwchem/slurm-18948-4node.out
nwchem	18999-4node	other	unknown	runs/nwchem/slurm-18999-4node.out
nwchem	19079-4node-profiled	trace	unknown	runs/nwchem/slurm-19079-4node-profiled.out
nwchem	19161-4node-profiled	trace	unknown	runs/nwchem/slurm-19161-4node-profiled.out
nwchem	19229-4node-profiled	trace	pass	runs/nwchem/slurm-19229-4node-profiled.out
parsl	18897-single	other	fail	runs/parsl/slurm-18897-single.out
parsl	18898-single	other	fail	runs/parsl/slurm-18898-single.out
parsl	18900-single	other	pass	runs/parsl/slurm-18900-single.out
parsl	18908-4node	other	unknown	runs/parsl/slurm-18908-4node.out
parsl	18998-4node	other	pass	runs/parsl/slurm-18998-4node.out
parsl	19019-4node-profiled	trace	fail	runs/parsl/slurm-19019-4node-profiled.out
parsl	19056-4node-profiled	trace	fail	runs/parsl/slurm-19056-4node-profiled.out
parsl	19101-4node-profiled	trace	pass	runs/parsl/slurm-19101-4node-profiled.out
pegasus	18899-single	other	fail	runs/pegasus/slurm-18899-single.out
pegasus	18901-single	other	unknown	runs/pegasus/slurm-18901-single.out
pegasus	18906-single	other	fail	runs/pegasus/slurm-18906-single.out
pegasus	18950-4node	other	fail	runs/pegasus/slurm-18950-4node.out
pegasus	19001-4node	other	fail	runs/pegasus/slurm-19001-4node.out
pegasus	19016-4node-profiled	trace	fail	runs/pegasus/slurm-19016-4node-profiled.out
pegasus	19053-4node-profiled	trace	pass	runs/pegasus/slurm-19053-4node-profiled.out
radical.pilot	18903-single	other	pass	runs/radical.pilot/slurm-18903-single.out
radical.pilot	18997-4node	other	pass	runs/radical.pilot/slurm-18997-4node.out
radical.pilot	19051-4node-profiled	trace	fail	runs/radical.pilot/slurm-19051-4node-profiled.out
radical.pilot	19080-4node-profiled	trace	pass	runs/radical.pilot/slurm-19080-4node-profiled.out
rna-seq-star-deseq2	18957-single	other	unknown	runs/rna-seq-star-deseq2/slurm-18957-single.out
rna-seq-star-deseq2	19117-4node	other	unknown	runs/rna-seq-star-deseq2/slurm-19117-4node.out
rna-seq-star-deseq2	19226-4node-profiled	trace	unknown	runs/rna-seq-star-deseq2/slurm-19226-4node-profiled.out
rna-seq-star-deseq2	19330-4node-profiled	trace	pass	runs/rna-seq-star-deseq2/slurm-19330-4node-profiled.out
