submitted_at	category	workflow	script	job_id
2026-06-03T17:19:08-05:00	multi_blank	chipseq	scripts/slurm_chipseq_4node.sh	20600
2026-06-03T17:19:08-05:00	multi_blank	dna-seq-gatk-variant-calling	scripts/slurm_dna_seq_gatk_4node.sh	20601
2026-06-03T17:19:08-05:00	multi_blank	metaGEM	scripts/slurm_metaGEM_4node.sh	20602
2026-06-03T17:19:08-05:00	multi_blank	nf-core_airrflow	scripts/slurm_nf_core_airrflow_4node.sh	20603
2026-06-03T17:19:08-05:00	multi_blank	nf-core_ampliseq	scripts/slurm_nf_core_ampliseq_4node.sh	20604
2026-06-03T17:19:08-05:00	multi_blank	nf-core_atacseq	scripts/slurm_nf_core_atacseq_4node.sh	20605
2026-06-03T17:19:08-05:00	multi_blank	nf-core_bacass	scripts/slurm_nf_core_bacass_4node.sh	20606
2026-06-03T17:19:08-05:00	multi_blank	nf-core_circdna	scripts/slurm_nf_core_circdna_4node.sh	20607
2026-06-03T17:19:08-05:00	multi_blank	nf-core_clipseq	scripts/slurm_nf_core_clipseq_4node.sh	20608
2026-06-03T17:19:08-05:00	multi_blank	nf-core_createtaxdb	scripts/slurm_nf_core_createtaxdb_4node.sh	20609
2026-06-03T17:19:08-05:00	multi_blank	nf-core_cutandrun	scripts/slurm_nf_core_cutandrun_4node.sh	20610
2026-06-03T17:19:08-05:00	multi_blank	nf-core_deepvariant	scripts/slurm_nf_core_deepvariant_4node.sh	20611
2026-06-03T17:19:08-05:00	multi_blank	nf-core_demultiplex	scripts/slurm_nf_core_demultiplex_4node.sh	20612
2026-06-03T17:19:09-05:00	multi_blank	nf-core_detaxizer	scripts/slurm_nf_core_detaxizer_4node.sh	20613
2026-06-03T17:19:09-05:00	multi_blank	nf-core_differentialabundance	scripts/slurm_nf_core_differentialabundance_4node.sh	20614
2026-06-03T17:19:09-05:00	multi_blank	nf-core_dualrnaseq	scripts/slurm_nf_core_dualrnaseq_4node.sh	20615
2026-06-03T17:19:09-05:00	multi_blank	nf-core_fetchngs	scripts/slurm_nf_core_fetchngs_4node.sh	20616
2026-06-03T17:19:09-05:00	multi_blank	nf-core_funcscan	scripts/slurm_nf_core_funcscan_4node.sh	20617
2026-06-03T17:19:09-05:00	multi_blank	nf-core_hic	scripts/slurm_nf_core_hic_4node.sh	20618
2026-06-03T17:19:09-05:00	multi_blank	nf-core_mag	scripts/slurm_nf_core_mag_4node.sh	20619
2026-06-03T17:19:09-05:00	multi_blank	nf-core_methylseq	scripts/slurm_nf_core_methylseq_4node.sh	20620
2026-06-03T17:19:09-05:00	multi_blank	nf-core_pathogensurveillance	scripts/slurm_nf_core_pathogensurveillance_4node.sh	20621
2026-06-03T17:19:09-05:00	multi_blank	nf-core_proteinfold	scripts/slurm_nf_core_proteinfold_4node.sh	20622
2026-06-03T17:19:09-05:00	multi_blank	nf-core_quantms	scripts/slurm_nf_core_quantms_4node.sh	20623
2026-06-03T17:19:09-05:00	multi_blank	nf-core_sarek	scripts/slurm_nf_core_sarek_4node.sh	20624
2026-06-03T17:19:09-05:00	multi_blank	nf-core_scnanoseq	scripts/slurm_nf_core_scnanoseq_4node.sh	20625
2026-06-03T17:19:09-05:00	multi_blank	nf-core_scrnaseq	scripts/slurm_nf_core_scrnaseq_4node.sh	20626
2026-06-03T17:19:09-05:00	multi_blank	nf-core_spatialvi	scripts/slurm_nf_core_spatialvi_4node.sh	20627
2026-06-03T17:19:09-05:00	multi_blank	nf-core_taxprofiler	scripts/slurm_nf_core_taxprofiler_4node.sh	20628
2026-06-03T17:19:09-05:00	multi_blank	nf-core_tumourevo	scripts/slurm_nf_core_tumourevo_4node.sh	20629
2026-06-03T17:19:09-05:00	multi_blank	nf-core_viralintegration	scripts/slurm_nf_core_viralintegration_4node.sh	20630
2026-06-03T17:19:09-05:00	multi_blank	V-pipe	scripts/slurm_vpipe_4node.sh	20631
2026-06-03T17:19:09-05:00	multi_blank	nf-core_eager	scripts/slurm_nf_core_eager_4node.sh	20632
2026-06-03T17:19:09-05:00	multi_blank	iwc	scripts/slurm_iwc_4node.sh	20633
2026-06-03T17:19:09-05:00	multi_blank	lammps	scripts/slurm_lammps_4node.sh	20634
2026-06-03T17:19:09-05:00	trace_for_multi_pass_or_unknown	1000genome-workflow	scripts/slurm_1000genome_pegasus_4node_profiled.sh	20635
2026-06-03T17:19:09-05:00	trace_for_multi_pass_or_unknown	biobb_wf_md_setup	scripts/slurm_biobb_md_setup_4node_profiled.sh	20636
2026-06-03T17:19:09-05:00	trace_for_multi_pass_or_unknown	DeepDriveMD-pipeline	scripts/slurm_deepdrivemd_4node_profiled.sh	20637
2026-06-03T17:19:09-05:00	trace_for_multi_pass_or_unknown	dna-seq-varlociraptor	scripts/slurm_dna_seq_varlociraptor_4node_profiled.sh	20638
2026-06-03T17:19:09-05:00	trace_for_multi_pass_or_unknown	Montage	scripts/slurm_montage_4node_profiled.sh	20639
2026-06-03T17:19:09-05:00	trace_for_multi_pass_or_unknown	nf-core_mhcquant	scripts/slurm_nf_core_mhcquant_4node_profiled.sh	20640
2026-06-03T17:19:09-05:00	trace_for_multi_pass_or_unknown	nf-core_rnaseq	scripts/slurm_nf_core_rnaseq_4node_profiled.sh	20641
2026-06-03T17:19:09-05:00	trace_for_multi_pass_or_unknown	PyFLEXTRKR	scripts/slurm_pyflextrkr_4node_profiled.sh	20642
2026-06-03T17:19:09-05:00	trace_for_multi_pass_or_unknown	rna-seq-star-deseq2	scripts/slurm_rna_seq_star_deseq2_4node_profiled.sh	20643
2026-06-03T17:19:09-05:00	trace_for_multi_pass_or_unknown	nwchem	scripts/slurm_nwchem_4node_profiled.sh	20644
2026-06-03T17:19:09-05:00	trace_for_multi_pass_or_unknown	parsl	scripts/slurm_parsl_4node_profiled.sh	20645
2026-06-03T17:19:09-05:00	trace_for_multi_pass_or_unknown	pegasus	scripts/slurm_pegasus_4node_profiled.sh	20646
2026-06-03T17:19:09-05:00	trace_for_multi_pass_or_unknown	PtychoNN	scripts/slurm_ptychonn_4node_profiled.sh	20647
2026-06-03T17:19:09-05:00	trace_for_multi_pass_or_unknown	radical.pilot	scripts/slurm_radical_pilot_4node_profiled.sh	20648
