workflow	scale	script	nodes	ntpn	cpus	mem	srunX	nf	smk	mpirun	dask	profiler	nxf_max_forks	class
biobb_wf_md_setup	small	run_slurm.sh	4	40	?	47000M	0	0	0	0	0	darshan	?	F_singlenode_wasted_nodes
chipseq	small	run_slurm.sh	4	40	?	47000M	0	0	1	0	0	darshan	?	D_smk_serial_wasted_nodes
DeepDriveMD-pipeline	small	run_slurm.sh	4	40	?	47000M	0	0	0	0	0	darshan	?	F_singlenode_wasted_nodes
dna-seq-gatk-variant-calling	small	run_slurm.sh	4	40	?	47000M	0	0	1	0	0	darshan	?	D_smk_serial_wasted_nodes
dna-seq-varlociraptor	small	run_slurm.sh	4	40	?	47000M	0	0	1	0	0	darshan	?	D_smk_serial_wasted_nodes
metaGEM	small	run_slurm.sh	4	40	?	47000M	0	0	1	0	0	darshan	?	D_smk_serial_wasted_nodes
Montage	small	run_slurm.sh	4	40	?	47000M	0	0	0	0	0	darshan	?	F_singlenode_wasted_nodes
nf-core_ampliseq	small	run_slurm.sh	4	40	?	47000M	0	1	0	0	0	darshan	?	C_nf_queue_fanout
nf-core_eager	small	run_slurm.sh	1	1	40	47000M	0	1	0	0	0	-	?	C_nf_queue_fanout
nf-core_fetchngs	small	run_slurm.sh	1	1	40	47000M	0	1	0	0	0	-	?	C_nf_queue_fanout
nf-core_methylseq	small	run_slurm.sh	1	1	40	47000M	0	1	0	0	0	-	?	C_nf_queue_fanout
nf-core_rnaseq	small	run_slurm.sh	1	1	40	47000M	0	1	0	0	0	-	?	C_nf_queue_fanout
nf-core_sarek	small	run_slurm.sh	1	1	40	47000M	0	1	0	0	0	-	?	C_nf_queue_fanout
nf-core_smrnaseq	small	run_slurm.sh	1	1	40	47000M	0	1	0	0	0	-	?	C_nf_queue_fanout
nf-core_viralrecon	small	run_slurm.sh	1	1	40	47000M	0	1	0	0	0	-	?	C_nf_queue_fanout
PyFLEXTRKR	small	run_slurm.sh	4	40	?	47000M	0	0	0	0	0	darshan	?	F_singlenode_wasted_nodes
rna-seq-star-deseq2	small	run_slurm.sh	4	40	?	47000M	0	0	1	0	0	darshan	?	D_smk_serial_wasted_nodes
V-pipe	small	run_slurm.sh	4	40	?	47000M	0	0	1	0	0	darshan	?	D_smk_serial_wasted_nodes
biobb_wf_md_setup	medium	run_slurm.sh	4	40	?	47000M	0	0	0	0	0	darshan	?	F_singlenode_wasted_nodes
DeepDriveMD-pipeline	medium	run_slurm.sh	4	40	?	47000M	0	0	0	0	0	darshan	?	F_singlenode_wasted_nodes
Montage	medium	run_slurm.sh	4	40	?	47000M	0	0	0	0	0	darshan	?	F_singlenode_wasted_nodes
PyFLEXTRKR	medium	run_slurm.sh	4	40	?	47000M	0	0	0	0	0	darshan	?	F_singlenode_wasted_nodes
1000genome-workflow	small_2node	run_slurm.sh	2	1	20	40G	0	0	0	0	0	-	?	F_singlenode_wasted_nodes
nf-core_ampliseq	small_2node	run_slurm.sh	1	1	4	8G	0	1	0	0	0	-	80	C_nf_queue_fanout
nf-core_atacseq	small_2node	run_slurm.sh	1	1	4	8G	0	1	0	0	0	-	80	C_nf_queue_fanout
nf-core_bacass	small_2node	run_slurm.sh	1	1	4	8G	0	1	0	0	0	-	80	C_nf_queue_fanout
nf-core_cutandrun	small_2node	run_slurm.sh	1	1	4	8G	0	1	0	0	0	-	80	C_nf_queue_fanout
nf-core_demultiplex	small_2node	run_slurm.sh	1	1	4	8G	0	1	0	0	0	-	80	C_nf_queue_fanout
nf-core_detaxizer	small_2node	run_slurm.sh	1	1	4	8G	0	1	0	0	0	-	80	C_nf_queue_fanout
nf-core_differentialabundance	small_2node	run_slurm.sh	1	1	4	8G	0	1	0	0	0	-	80	C_nf_queue_fanout
nf-core_fetchngs	small_2node	run_slurm.sh	1	1	4	8G	0	1	0	0	0	-	80	C_nf_queue_fanout
nf-core_funcscan	small_2node	run_slurm.sh	1	1	4	8G	0	1	0	0	0	-	80	C_nf_queue_fanout
nf-core_hic	small_2node	run_slurm.sh	1	1	4	8G	0	1	0	0	0	-	80	C_nf_queue_fanout
nf-core_mag	small_2node	run_slurm.sh	1	1	4	8G	0	1	0	0	0	-	80	C_nf_queue_fanout
nf-core_methylseq	small_2node	run_slurm.sh	1	1	4	8G	0	1	0	0	0	-	80	C_nf_queue_fanout
nf-core_nascent	small_2node	run_slurm.sh	1	1	4	8G	0	1	0	0	0	-	80	C_nf_queue_fanout
nf-core_pathogensurveillance	small_2node	run_slurm.sh	1	1	4	8G	0	1	0	0	0	-	80	C_nf_queue_fanout
nf-core_proteinfold	small_2node	run_slurm.sh	1	1	4	8G	0	1	0	0	0	-	80	C_nf_queue_fanout
nf-core_quantms	small_2node	run_slurm.sh	1	1	4	8G	0	1	0	0	0	-	80	C_nf_queue_fanout
nf-core_rnaseq	small_2node	run_slurm.sh	1	1	4	8G	0	1	0	0	0	-	80	C_nf_queue_fanout
nf-core_sarek	small_2node	run_slurm.sh	1	1	4	8G	0	1	0	0	0	-	80	C_nf_queue_fanout
nf-core_scrnaseq	small_2node	run_slurm.sh	1	1	4	8G	0	1	0	0	0	-	80	C_nf_queue_fanout
nf-core_smrnaseq	small_2node	run_slurm.sh	1	1	4	8G	0	1	0	0	0	-	80	C_nf_queue_fanout
nf-core_taxprofiler	small_2node	run_slurm.sh	1	1	4	8G	0	1	0	0	0	-	80	C_nf_queue_fanout
nf-core_viralintegration	small_2node	run_slurm.sh	1	1	4	8G	0	1	0	0	0	-	80	C_nf_queue_fanout
nf-core_viralrecon	small_2node	run_slurm.sh	1	1	4	8G	0	1	0	0	0	-	80	C_nf_queue_fanout
1000genome-workflow	small_4node	run_slurm.sh	4	1	20	40G	0	0	0	0	0	-	?	F_singlenode_wasted_nodes
cwl	small_4node	run_slurm.datalife.sh	4	1	4	8G	0	0	0	0	0	datalife	?	F_singlenode_wasted_nodes
lammps	small_4node	run_slurm.sh	4	4	1	8G	0	0	0	1	0	-	?	B_mpi_intrinsic
nf-core_airrflow	small_4node	run_slurm.datalife.sh	1	1	4	8G	0	1	0	0	0	datalife	160	C_nf_queue_fanout
nf-core_ampliseq	small_4node	run_slurm.sh	1	1	4	8G	0	1	0	0	0	-	160	C_nf_queue_fanout
nf-core_atacseq	small_4node	run_slurm.sh	1	1	4	8G	0	1	0	0	0	-	160	C_nf_queue_fanout
nf-core_bacass	small_4node	run_slurm.sh	1	1	4	8G	0	1	0	0	0	-	160	C_nf_queue_fanout
nf-core_circdna	small_4node	run_slurm.darshan.sh	1	1	4	8G	0	1	0	0	0	darshan	160	C_nf_queue_fanout
nf-core_clipseq	small_4node	run_slurm.datalife.sh	1	1	4	8G	0	1	0	0	0	datalife	160	C_nf_queue_fanout
nf-core_createtaxdb	small_4node	run_slurm.darshan.sh	1	1	4	8G	0	1	0	0	0	darshan	160	C_nf_queue_fanout
nf-core_cutandrun	small_4node	run_slurm.sh	1	1	4	8G	0	1	0	0	0	-	160	C_nf_queue_fanout
nf-core_deepvariant	small_4node	run_slurm.datalife.sh	1	1	4	8G	0	1	0	0	0	datalife	160	C_nf_queue_fanout
nf-core_demultiplex	small_4node	run_slurm.sh	1	1	4	8G	0	1	0	0	0	-	160	C_nf_queue_fanout
nf-core_detaxizer	small_4node	run_slurm.sh	1	1	4	8G	0	1	0	0	0	-	160	C_nf_queue_fanout
nf-core_differentialabundance	small_4node	run_slurm.sh	1	1	4	8G	0	1	0	0	0	-	160	C_nf_queue_fanout
nf-core_dualrnaseq	small_4node	run_slurm.datalife.sh	1	1	4	8G	0	1	0	0	0	datalife	160	C_nf_queue_fanout
nf-core_fetchngs	small_4node	run_slurm.sh	1	1	4	8G	0	1	0	0	0	-	160	C_nf_queue_fanout
nf-core_funcscan	small_4node	run_slurm.sh	1	1	4	8G	0	1	0	0	0	-	160	C_nf_queue_fanout
nf-core_genomeqc	small_4node	run_slurm.darshan.sh	1	1	4	8G	0	1	0	0	0	darshan	160	C_nf_queue_fanout
nf-core_hic	small_4node	run_slurm.sh	1	1	4	8G	0	1	0	0	0	-	160	C_nf_queue_fanout
nf-core_mag	small_4node	run_slurm.sh	1	1	4	8G	0	1	0	0	0	-	160	C_nf_queue_fanout
nf-core_methylseq	small_4node	run_slurm.sh	1	1	4	8G	0	1	0	0	0	-	160	C_nf_queue_fanout
nf-core_mhcquant	small_4node	run_slurm.darshan.sh	1	1	4	8G	0	1	0	0	0	darshan	160	C_nf_queue_fanout
nf-core_nascent	small_4node	run_slurm.sh	1	1	4	8G	0	1	0	0	0	-	160	C_nf_queue_fanout
nf-core_pathogensurveillance	small_4node	run_slurm.sh	1	1	4	8G	0	1	0	0	0	-	160	C_nf_queue_fanout
nf-core_proteinfold	small_4node	run_slurm.sh	1	1	4	8G	0	1	0	0	0	-	160	C_nf_queue_fanout
nf-core_quantms	small_4node	run_slurm.sh	1	1	4	8G	0	1	0	0	0	-	160	C_nf_queue_fanout
nf-core_rnaseq	small_4node	run_slurm.sh	1	1	4	8G	0	1	0	0	0	-	160	C_nf_queue_fanout
nf-core_sarek	small_4node	run_slurm.sh	1	1	4	8G	0	1	0	0	0	-	160	C_nf_queue_fanout
nf-core_scnanoseq	small_4node	run_slurm.darshan.sh	1	1	4	8G	0	1	0	0	0	darshan	160	C_nf_queue_fanout
nf-core_scrnaseq	small_4node	run_slurm.sh	1	1	4	8G	0	1	0	0	0	-	160	C_nf_queue_fanout
nf-core_smrnaseq	small_4node	run_slurm.sh	1	1	4	8G	0	1	0	0	0	-	160	C_nf_queue_fanout
nf-core_spatialvi	small_4node	run_slurm.darshan.sh	1	1	4	8G	0	1	0	0	0	darshan	160	C_nf_queue_fanout
nf-core_taxprofiler	small_4node	run_slurm.sh	1	1	4	8G	0	1	0	0	0	-	160	C_nf_queue_fanout
nf-core_tumourevo	small_4node	run_slurm.darshan.sh	1	1	4	8G	0	1	0	0	0	darshan	160	C_nf_queue_fanout
nf-core_viralintegration	small_4node	run_slurm.sh	1	1	4	8G	0	1	0	0	0	-	160	C_nf_queue_fanout
nf-core_viralrecon	small_4node	run_slurm.sh	1	1	4	8G	0	1	0	0	0	-	160	C_nf_queue_fanout
biobb_wf_md_setup	multinode_2node	run_slurm.sh	2	1	10	20G	1	0	0	0	0	-	?	A_srun_fanout
DeepDriveMD-pipeline	multinode_2node	run_slurm.sh	2	1	10	20G	1	0	0	0	0	-	?	A_srun_fanout
metaGEM	multinode_2node	run_slurm.sh	2	1	20	40G	1	0	0	0	0	-	?	A_srun_fanout
Montage	multinode_2node	run_slurm.sh	2	1	40	47000M	1	0	0	0	0	-	?	A_srun_fanout
rna-seq-star-deseq2	multinode_2node	run_slurm.sh	2	1	20	40G	1	0	0	0	0	-	?	A_srun_fanout
V-pipe	multinode_2node	run_slurm.sh	2	1	20	40G	1	0	0	0	0	-	?	A_srun_fanout
biobb_wf_md_setup	multinode_4node	run_slurm.sh	4	1	10	20G	1	0	0	0	0	-	?	A_srun_fanout
DeepDriveMD-pipeline	multinode_4node	run_slurm.sh	4	1	10	20G	1	0	0	0	0	-	?	A_srun_fanout
metaGEM	multinode_4node	run_slurm.sh	4	1	20	40G	1	0	0	0	0	-	?	A_srun_fanout
Montage	multinode_4node	run_slurm.sh	4	1	40	47000M	1	0	0	0	0	-	?	A_srun_fanout
PyFLEXTRKR	multinode_4node	run_slurm.sh	4	2	?	?	0	0	0	1	0	-	?	B_mpi_intrinsic
rna-seq-star-deseq2	multinode_4node	run_slurm.sh	4	1	20	40G	1	0	0	0	0	-	?	A_srun_fanout
V-pipe	multinode_4node	run_slurm.sh	4	1	20	40G	1	0	0	0	0	-	?	A_srun_fanout
biobb_wf_md_setup	multinode_2node_darshan	run_slurm.fix1.sh	2	1	10	20G	1	0	0	0	0	darshan	?	A_srun_fanout
Montage	multinode_2node_darshan	run_slurm.fix1.sh	2	1	40	47000M	1	0	0	0	0	darshan	?	A_srun_fanout
PyFLEXTRKR	multinode_2node_darshan	run_slurm.fix1.sh	2	2	?	?	0	0	0	2	0	darshan	?	B_mpi_intrinsic
V-pipe	multinode_2node_darshan	run_slurm.fix1.sh	2	1	20	40G	1	0	0	0	0	darshan	?	A_srun_fanout
biobb_wf_md_setup	multinode_2node_datalife	run_slurm.fix1.sh	2	1	10	20G	1	0	0	0	0	datalife	?	A_srun_fanout
Montage	multinode_2node_datalife	run_slurm.fix1.sh	2	1	40	47000M	1	0	0	0	0	datalife	?	A_srun_fanout
PyFLEXTRKR	multinode_2node_datalife	run_slurm.fix1.sh	2	2	?	?	0	0	0	1	0	datalife	?	B_mpi_intrinsic
V-pipe	multinode_2node_datalife	run_slurm.fix1.sh	2	1	20	40G	1	0	0	0	0	datalife	?	A_srun_fanout
