workflow	scale	total_tasks	unique_processes
nf-core_ampliseq	small_2node	127	72
nf-core_ampliseq	small_2node	16	7
nf-core_ampliseq	small_2node	123	74
nf-core_atacseq	small_2node	259	69
nf-core_atacseq	small_2node	169	43
nf-core_atacseq	small_2node	148	34
nf-core_atacseq	small_2node	241	63
nf-core_bacass	small_2node	17	10
nf-core_bacass	small_2node	18	10
nf-core_bacass	small_2node	10	6
nf-core_bacass	small_2node	17	10
nf-core_cutandrun	small_2node	135	95
nf-core_cutandrun	small_2node	132	88
nf-core_cutandrun	small_2node	133	93
nf-core_cutandrun	small_2node	0	0
nf-core_cutandrun	small_2node	110	69
nf-core_cutandrun	small_2node	135	95
nf-core_demultiplex	small_2node	0	0
nf-core_detaxizer	small_2node	55	14
nf-core_detaxizer	small_2node	54	14
nf-core_differentialabundance	small_2node	21	16
nf-core_differentialabundance	small_2node	18	13
nf-core_differentialabundance	small_2node	20	15
nf-core_differentialabundance	small_2node	0	0
nf-core_differentialabundance	small_2node	21	16
nf-core_fetchngs	small_2node	53	8
nf-core_fetchngs	small_2node	53	8
nf-core_fetchngs	small_2node	52	7
nf-core_fetchngs	small_2node	53	8
nf-core_funcscan	small_2node	57	31
nf-core_funcscan	small_2node	57	31
nf-core_hic	small_2node	35	22
nf-core_hic	small_2node	42	25
nf-core_hic	small_2node	8	5
nf-core_hic	small_2node	0	0
nf-core_hic	small_2node	27	16
nf-core_hic	small_2node	34	21
nf-core_hic	small_2node	35	22
nf-core_mag	small_2node	196	41
nf-core_mag	small_2node	134	31
nf-core_mag	small_2node	196	41
nf-core_methylseq	small_2node	36	12
nf-core_methylseq	small_2node	0	0
nf-core_methylseq	small_2node	37	12
nf-core_methylseq	small_2node	37	12
nf-core_methylseq	small_2node	36	12
nf-core_nascent	small_2node	149	37
nf-core_nascent	small_2node	149	37
nf-core_pathogensurveillance	small_2node	27	13
nf-core_pathogensurveillance	small_2node	1	1
nf-core_pathogensurveillance	small_2node	47	18
nf-core_proteinfold	small_2node	5	3
nf-core_proteinfold	small_2node	5	3
nf-core_quantms	small_2node	60	13
nf-core_quantms	small_2node	58	12
nf-core_quantms	small_2node	0	0
nf-core_quantms	small_2node	51	10
nf-core_quantms	small_2node	60	13
nf-core_rnaseq	small_2node	219	62
nf-core_rnaseq	small_2node	0	0
nf-core_rnaseq	small_2node	220	62
nf-core_rnaseq	small_2node	219	62
nf-core_rnaseq	small_2node	219	62
nf-core_sarek	small_2node	23	21
nf-core_sarek	small_2node	24	21
nf-core_sarek	small_2node	24	21
nf-core_sarek	small_2node	23	21
nf-core_scrnaseq	small_2node	0	0
nf-core_smrnaseq	small_2node	244	40
nf-core_smrnaseq	small_2node	56	11
nf-core_smrnaseq	small_2node	36	6
nf-core_smrnaseq	small_2node	52	9
nf-core_smrnaseq	small_2node	36	8
nf-core_smrnaseq	small_2node	114	24
nf-core_smrnaseq	small_2node	128	24
nf-core_smrnaseq	small_2node	185	30
nf-core_smrnaseq	small_2node	182	30
nf-core_smrnaseq	small_2node	244	40
nf-core_taxprofiler	small_2node	179	51
nf-core_taxprofiler	small_2node	178	50
nf-core_taxprofiler	small_2node	179	51
nf-core_taxprofiler	small_2node	179	51
nf-core_viralintegration	small_2node	0	0
nf-core_viralrecon	small_2node	200	80
nf-core_viralrecon	small_2node	202	80
nf-core_viralrecon	small_2node	194	77
nf-core_viralrecon	small_2node	188	76
nf-core_viralrecon	small_2node	194	77
nf-core_viralrecon	small_2node	200	80
nf-core_airrflow	small_4node	0	0
nf-core_ampliseq	small_4node	39	23
nf-core_ampliseq	small_4node	123	74
nf-core_atacseq	small_4node	120	39
nf-core_atacseq	small_4node	0	0
nf-core_bacass	small_4node	18	10
nf-core_bacass	small_4node	17	10
nf-core_circdna	small_4node	0	0
nf-core_createtaxdb	small_4node	0	0
nf-core_createtaxdb	small_4node	16	4
nf-core_cutandrun	small_4node	133	93
nf-core_cutandrun	small_4node	135	95
nf-core_detaxizer	small_4node	28	7
nf-core_detaxizer	small_4node	54	14
nf-core_differentialabundance	small_4node	20	15
nf-core_differentialabundance	small_4node	21	16
nf-core_fetchngs	small_4node	54	8
nf-core_fetchngs	small_4node	53	8
nf-core_funcscan	small_4node	0	0
nf-core_funcscan	small_4node	58	31
nf-core_genomeqc	small_4node	8	1
nf-core_hic	small_4node	28	18
nf-core_hic	small_4node	8	4
nf-core_mag	small_4node	127	29
nf-core_mag	small_4node	196	41
nf-core_methylseq	small_4node	37	12
nf-core_methylseq	small_4node	36	12
nf-core_mhcquant	small_4node	8	2
nf-core_nascent	small_4node	150	37
nf-core_nascent	small_4node	149	37
nf-core_pathogensurveillance	small_4node	26	11
nf-core_pathogensurveillance	small_4node	47	18
nf-core_proteinfold	small_4node	4	1
nf-core_proteinfold	small_4node	5	3
nf-core_quantms	small_4node	46	10
nf-core_quantms	small_4node	0	0
nf-core_rnaseq	small_4node	220	62
nf-core_rnaseq	small_4node	219	62
nf-core_sarek	small_4node	24	21
nf-core_sarek	small_4node	23	21
nf-core_scnanoseq	small_4node	18	9
nf-core_scnanoseq	small_4node	26	9
nf-core_smrnaseq	small_4node	244	40
nf-core_smrnaseq	small_4node	56	11
nf-core_smrnaseq	small_4node	37	6
nf-core_smrnaseq	small_4node	52	9
nf-core_smrnaseq	small_4node	36	8
nf-core_smrnaseq	small_4node	115	24
nf-core_smrnaseq	small_4node	137	24
nf-core_smrnaseq	small_4node	190	30
nf-core_smrnaseq	small_4node	190	30
nf-core_smrnaseq	small_4node	244	40
nf-core_spatialvi	small_4node	3	3
nf-core_spatialvi	small_4node	4	2
nf-core_taxprofiler	small_4node	179	51
nf-core_taxprofiler	small_4node	179	51
nf-core_tumourevo	small_4node	27	3
nf-core_tumourevo	small_4node	7	2
nf-core_viralrecon	small_4node	201	80
nf-core_viralrecon	small_4node	200	80
